age,annual_income,years_employed,credit_score,existing_debt,requested_limit,debt_to_income,years_at_address,dependents,gender,education_level,marital_status,housing_status,has_default_history,approved
67,68706.08,2,479,8878.22,6065.16,0.1292,6,0,male,high_school,single,rent,no,1
50,62425.24,29,509,23302.01,5723.97,0.3733,3,0,female,high_school,single,own,yes,1
53,81885.64,34,342,12694.1,5765.18,0.155,7,4,female,bachelor,divorced,own,no,1
64,43007.9,32,546,13170.77,8532.52,0.3062,11,3,female,bachelor,married,rent,no,1
48,58766.32,10,481,9996.18,4347.58,0.1701,4,3,male,high_school,single,rent,yes,1
58,76087.35,33,611,7650.69,1577.49,0.1006,18,0,female,master,single,own,no,1
61,72851.21,0,642,15761.43,1646.75,0.2164,4,3,female,high_school,single,own,no,1
29,83560.81,39,421,16710.15,13394.33,0.2,18,3,male,bachelor,single,mortgage,no,1
20,68734.45,23,486,0.0,500.0,0.0,7,0,male,high_school,single,rent,yes,1
33,53193.14,28,447,16381.43,5382.85,0.308,11,0,female,phd,divorced,own,no,1
32,67968.23,3,346,12596.76,11102.67,0.1853,6,3,male,high_school,single,mortgage,no,1
63,37942.91,39,446,15724.9,7691.78,0.4144,4,3,male,master,married,own,no,1
65,23931.89,15,674,12263.25,3096.55,0.5124,5,4,female,bachelor,married,mortgage,no,1
18,72774.78,11,443,290.11,6007.65,0.004,10,1,female,high_school,married,mortgage,no,1
43,58786.91,34,528,789.58,9023.72,0.0134,12,1,female,high_school,single,own,no,1
60,66785.01,20,583,21772.13,10228.52,0.326,5,4,male,high_school,single,mortgage,no,1
24,22650.94,5,305,10766.97,2852.31,0.4753,2,2,female,bachelor,married,mortgage,no,1
59,51967.49,8,355,0.0,8661.6,0.0,6,1,male,master,divorced,own,yes,1
24,46803.14,14,326,11436.92,6883.75,0.2444,17,0,female,master,single,rent,no,1
42,40987.33,3,729,6465.13,9865.42,0.1577,6,0,male,high_school,single,rent,no,1
60,10389.67,20,461,0.0,10866.45,0.0,16,4,female,bachelor,married,own,no,1
33,52632.78,17,396,0.0,4798.43,0.0,4,3,male,high_school,single,own,no,1
35,79740.69,25,392,0.0,926.43,0.0,3,3,male,high_school,single,own,no,1
32,68381.95,28,544,10902.55,7385.43,0.1594,0,3,female,bachelor,married,rent,no,1
55,46779.17,5,357,8663.49,12218.18,0.1852,10,2,male,bachelor,single,rent,no,1
31,59672.73,31,653,7255.89,8399.54,0.1216,15,1,male,master,single,mortgage,no,1
69,76649.6,32,688,10992.75,6805.57,0.1434,9,1,female,master,married,own,no,1
41,10000.0,0,375,13207.91,14403.66,1.3208,0,2,female,high_school,single,rent,no,0
42,57260.2,30,842,0.0,2359.91,0.0,18,3,male,bachelor,single,own,no,1
44,71950.4,37,525,6891.94,9160.47,0.0958,11,3,female,master,divorced,own,no,1
48,75006.83,15,759,3204.6,4003.47,0.0427,15,2,female,bachelor,married,rent,no,1
46,97416.06,9,609,367.64,6173.72,0.0038,7,1,male,bachelor,married,rent,yes,1
44,84971.0,22,779,5169.59,6313.75,0.0608,3,4,male,bachelor,married,rent,yes,1
69,66876.38,11,602,8139.9,11301.23,0.1217,13,1,male,bachelor,married,own,no,1
59,66643.47,8,475,7135.5,2723.95,0.1071,19,0,male,bachelor,single,own,no,1
59,77312.8,33,790,0.0,4127.19,0.0,11,2,female,bachelor,single,rent,yes,1
54,48134.81,24,793,5617.95,500.0,0.1167,8,0,female,master,single,rent,yes,1
50,59115.86,35,731,23110.83,7705.2,0.3909,9,1,male,high_school,married,mortgage,no,1
35,79937.26,28,669,1618.12,4396.19,0.0202,3,1,female,bachelor,single,own,yes,1
69,103063.79,29,366,0.0,7476.88,0.0,15,0,female,bachelor,single,rent,no,1
42,56496.12,31,720,10926.69,2243.57,0.1934,12,3,male,master,single,own,no,1
29,58935.18,13,758,13176.4,4742.16,0.2236,11,4,female,high_school,married,rent,no,1
61,64366.56,5,656,12248.31,9636.25,0.1903,0,1,male,bachelor,single,own,no,1
26,89550.48,18,602,1161.98,5389.88,0.013,17,0,male,bachelor,single,rent,no,1
62,59333.11,38,662,15986.66,8189.74,0.2694,9,1,male,bachelor,single,rent,no,1
49,92325.9,33,672,3502.67,7849.14,0.0379,11,4,male,master,married,own,no,1
23,38733.54,28,360,1055.86,4763.9,0.0273,13,4,male,bachelor,married,own,no,1
20,55907.2,14,387,4740.66,540.89,0.0848,17,4,female,high_school,married,rent,no,1
41,55640.37,8,453,8239.1,9448.9,0.1481,19,1,female,bachelor,single,rent,yes,1
19,77303.13,32,559,13998.64,6597.48,0.1811,17,2,male,high_school,married,mortgage,yes,1
25,82995.73,17,514,13366.82,9441.48,0.1611,10,0,female,bachelor,single,rent,no,1
44,26792.22,31,684,8842.51,500.0,0.33,14,4,female,bachelor,single,own,no,1
68,39867.41,8,635,15530.34,500.0,0.3895,14,3,female,high_school,married,own,no,1
42,67410.75,18,738,9570.43,500.0,0.142,6,0,female,master,single,mortgage,yes,1
60,45508.74,31,416,15271.89,2931.07,0.3356,19,3,male,master,married,rent,no,1
65,26506.59,35,743,0.0,9646.82,0.0,9,2,female,bachelor,single,own,no,1
60,82846.56,1,422,0.0,7980.97,0.0,17,0,male,bachelor,single,rent,no,1
50,70867.34,15,419,14430.04,5880.46,0.2036,1,1,female,master,single,own,no,1
40,70849.9,10,803,0.0,6459.34,0.0,5,3,female,master,married,rent,no,1
44,49540.19,29,757,6889.37,8662.76,0.1391,14,1,female,high_school,married,rent,yes,1
31,82636.65,31,357,8313.28,4942.47,0.1006,14,0,male,master,single,mortgage,no,1
43,54720.88,25,612,5584.34,7386.24,0.1021,12,4,female,high_school,married,rent,no,1
37,84121.58,29,823,5825.57,6489.84,0.0693,5,4,male,high_school,single,rent,no,1
30,39943.37,13,667,18748.39,500.0,0.4694,16,0,male,bachelor,single,mortgage,no,1
69,41209.02,2,607,0.0,4653.1,0.0,2,0,female,high_school,divorced,own,no,1
18,64502.59,21,768,15187.12,10755.65,0.2354,1,4,male,master,married,rent,no,1
23,44548.69,0,627,25066.21,4614.49,0.5627,16,1,male,master,single,own,no,1
28,74859.92,24,523,9165.09,5499.19,0.1224,2,0,female,high_school,married,own,no,1
68,65721.93,24,803,8867.18,3875.97,0.1349,18,2,male,bachelor,divorced,rent,no,1
53,39694.63,21,805,14084.6,4303.79,0.3548,12,3,male,master,married,own,no,1
63,61603.04,33,808,21801.98,9934.04,0.3539,3,1,female,bachelor,single,mortgage,no,1
28,52271.89,4,784,683.66,5061.7,0.0131,14,1,male,bachelor,married,rent,no,1
55,80148.32,16,443,9613.83,2423.18,0.12,10,1,male,bachelor,married,mortgage,yes,1
37,46083.83,39,744,7696.48,500.0,0.167,1,2,male,bachelor,single,rent,no,1
43,50338.19,10,476,12915.67,3995.54,0.2566,7,1,female,bachelor,divorced,rent,no,1
18,86647.21,38,508,10114.31,500.0,0.1167,0,4,male,bachelor,single,rent,yes,1
50,109249.05,0,618,13617.57,500.0,0.1246,1,3,female,master,single,own,yes,1
61,103978.19,1,590,6048.57,8783.12,0.0582,6,3,male,high_school,single,own,no,1
52,61390.91,8,784,9343.02,8480.36,0.1522,4,1,female,high_school,divorced,mortgage,no,1
26,64814.8,37,395,4307.6,500.0,0.0665,6,0,female,high_school,divorced,rent,no,1
45,93736.09,25,629,4349.97,8980.18,0.0464,7,4,male,high_school,married,rent,no,1
31,57262.43,21,717,8009.22,7607.75,0.1399,1,1,female,high_school,married,rent,no,1
68,38520.32,4,541,8005.93,3257.51,0.2078,16,2,female,master,married,own,no,1
63,62571.26,5,790,792.61,8570.33,0.0127,1,2,female,high_school,single,rent,no,1
27,69933.37,34,713,19990.41,500.0,0.2858,11,3,female,bachelor,married,rent,no,1
44,41758.71,32,388,8054.41,1784.5,0.1929,4,3,female,high_school,married,rent,no,1
66,23782.91,2,383,0.0,961.09,0.0,10,0,female,phd,married,own,no,1
62,28391.95,17,709,16710.74,2109.74,0.5886,0,0,male,high_school,married,own,no,1
54,74639.44,21,507,3762.02,9075.41,0.0504,13,3,male,bachelor,married,rent,no,1
51,43315.72,28,681,12557.97,1332.3,0.2899,2,4,male,bachelor,married,mortgage,yes,1
20,56890.36,0,718,8880.88,1970.46,0.1561,18,4,female,high_school,married,own,yes,1
56,64676.29,33,320,10754.31,2669.06,0.1663,0,4,female,high_school,married,mortgage,no,1
42,73621.1,21,688,10197.15,6684.12,0.1385,15,0,female,bachelor,married,rent,no,1
22,52632.14,21,804,4973.83,4811.07,0.0945,7,4,male,high_school,single,own,no,1
30,70971.75,14,754,9286.62,9018.19,0.1308,2,1,male,high_school,single,own,no,1
46,40418.67,1,563,23231.64,3510.24,0.5748,14,1,female,master,single,mortgage,yes,1
55,52042.29,37,561,0.0,1487.0,0.0,18,3,female,high_school,married,rent,no,1
44,37462.86,32,448,9461.7,4235.5,0.2526,13,1,female,high_school,married,rent,no,1
49,84898.88,33,573,12044.87,6121.99,0.1419,18,2,male,bachelor,single,rent,no,1
63,59404.17,27,316,1634.1,2730.62,0.0275,12,4,female,bachelor,married,own,no,1
53,43735.24,19,405,0.0,6958.97,0.0,18,4,female,bachelor,married,rent,no,1
36,52247.82,36,730,24112.41,12339.72,0.4615,9,2,female,bachelor,divorced,rent,no,1
51,55121.97,4,471,6399.47,3941.21,0.1161,12,2,male,high_school,divorced,own,no,1
49,75411.44,10,485,23552.97,6127.02,0.3123,3,1,female,bachelor,married,mortgage,no,1
23,24896.0,17,684,12750.34,10701.56,0.5121,12,1,female,bachelor,single,rent,yes,1
21,37181.47,31,582,9532.99,3697.69,0.2564,0,0,male,master,married,own,yes,1
52,51681.64,13,545,12331.79,2996.8,0.2386,5,2,female,high_school,married,own,no,1
38,115710.73,34,407,13445.04,2130.5,0.1162,3,1,male,high_school,married,mortgage,yes,1
49,81024.94,12,487,17257.59,7348.49,0.213,1,3,male,high_school,single,rent,no,1
34,57548.06,14,633,12050.71,7752.84,0.2094,18,3,female,high_school,single,mortgage,yes,1
29,75663.99,12,637,10012.27,5428.86,0.1323,4,1,male,high_school,married,own,no,1
25,105263.6,16,518,10234.01,6093.05,0.0972,16,3,female,bachelor,married,mortgage,no,1
37,54857.63,32,674,18463.39,10399.84,0.3366,14,4,female,bachelor,married,rent,no,1
60,51938.91,13,743,14718.78,8973.77,0.2834,11,1,female,master,single,rent,no,1
38,86662.76,19,351,1985.85,1029.19,0.0229,19,2,male,high_school,single,rent,no,1
37,70871.86,0,666,4550.6,5896.76,0.0642,12,4,female,master,married,own,no,1
47,74769.33,22,694,11315.24,6294.6,0.1513,18,0,male,high_school,married,mortgage,no,1
68,48819.11,9,696,4639.55,8442.84,0.095,14,2,male,bachelor,married,own,no,1
38,102332.47,19,457,6364.59,5137.39,0.0622,0,1,male,master,single,own,no,1
48,97611.0,13,438,2308.56,3657.1,0.0237,16,2,male,bachelor,single,rent,no,1
40,72450.85,15,540,7168.5,4309.43,0.0989,11,1,female,master,married,rent,no,1
49,75054.38,4,335,11965.39,500.0,0.1594,4,1,female,bachelor,married,mortgage,no,1
41,15400.26,18,467,15966.13,5817.46,1.0367,0,0,female,high_school,single,mortgage,no,1
51,74029.62,30,783,9064.62,3815.91,0.1224,16,2,female,bachelor,married,rent,no,1
46,55729.61,24,759,23523.95,7534.17,0.4221,13,3,female,bachelor,single,own,no,1
53,69545.93,17,814,8465.11,2306.62,0.1217,12,1,male,high_school,married,rent,no,1
67,75014.11,33,315,31353.96,4369.66,0.418,9,0,female,high_school,single,own,no,1
25,52491.58,22,653,16011.56,2467.66,0.305,5,4,male,master,married,own,no,1
47,22809.4,24,330,12477.06,2158.68,0.547,10,0,male,bachelor,single,own,no,0
40,68093.24,11,806,5506.76,8335.6,0.0809,5,2,female,master,single,own,no,1
36,43689.56,27,584,0.0,4256.26,0.0,13,1,male,high_school,married,rent,no,1
30,52735.73,14,688,7914.08,7435.54,0.1501,3,1,female,master,married,rent,no,1
20,46700.78,7,428,10247.53,1960.92,0.2194,15,4,male,high_school,single,own,no,1
38,52485.37,30,633,22457.17,6215.29,0.4279,10,2,male,high_school,married,own,no,1
60,10000.0,23,764,0.0,500.0,0.0,3,4,male,bachelor,single,own,no,1
23,86772.84,18,530,22341.2,4196.32,0.2575,19,4,female,bachelor,divorced,own,no,1
39,65573.61,28,735,7241.29,4108.26,0.1104,10,3,male,high_school,single,own,no,1
68,84450.78,23,495,14068.4,7903.82,0.1666,15,3,female,master,single,rent,yes,1
67,103556.52,30,424,0.0,6492.0,0.0,17,3,male,master,single,mortgage,no,1
29,60497.05,16,569,9973.21,5247.42,0.1649,3,0,male,high_school,married,rent,no,1
18,20346.4,39,675,6593.88,8788.84,0.3241,11,3,male,bachelor,single,own,no,1
52,40334.49,22,422,13777.01,6524.94,0.3416,2,2,female,master,married,rent,yes,1
18,33448.1,18,587,9638.58,7735.71,0.2882,11,2,male,bachelor,single,own,no,1
33,48958.76,35,535,1004.32,8534.11,0.0205,5,2,male,bachelor,single,own,no,1
43,61752.26,39,772,15628.91,5618.87,0.2531,17,4,female,high_school,married,own,yes,1
63,15951.88,10,579,13862.4,4822.95,0.869,3,0,male,bachelor,divorced,rent,yes,1
22,67534.46,9,308,13177.38,6992.58,0.1951,10,3,male,high_school,married,rent,no,1
52,26772.15,20,317,16062.41,4389.25,0.6,2,4,male,master,married,own,no,0
45,66542.04,2,579,16706.77,7201.84,0.2511,18,4,female,high_school,single,mortgage,no,1
24,57591.19,27,516,8847.32,9719.62,0.1536,14,4,female,high_school,single,own,no,1
61,53100.11,27,337,0.0,8831.91,0.0,10,0,female,master,married,rent,no,1
61,58393.05,3,456,0.0,4509.74,0.0,6,0,female,high_school,married,rent,no,1
43,48124.88,10,488,18448.26,1350.43,0.3833,4,1,male,bachelor,married,own,no,1
67,46525.63,38,648,13973.13,5646.69,0.3003,11,2,female,bachelor,married,own,no,1
49,22979.36,7,414,9714.21,5401.88,0.4227,2,0,male,high_school,married,rent,no,1
65,59348.2,19,746,5957.46,9705.71,0.1004,6,1,male,master,married,rent,yes,1
67,100601.74,27,678,9220.9,4501.86,0.0917,1,0,male,high_school,single,rent,no,1
47,103570.89,9,637,9173.56,5108.43,0.0886,19,1,female,high_school,single,rent,no,1
32,89079.99,13,690,6642.69,8407.99,0.0746,14,2,male,high_school,divorced,own,no,1
25,75527.64,30,665,4106.83,4169.46,0.0544,11,1,male,master,married,own,no,1
47,45117.44,16,353,24150.22,5280.59,0.5353,13,2,male,high_school,divorced,mortgage,no,1
28,91740.52,32,637,10599.92,11825.45,0.1155,2,0,male,master,single,own,yes,1
57,58765.19,2,411,4759.37,11041.63,0.081,15,3,female,bachelor,divorced,own,yes,1
66,58484.74,25,440,0.0,8035.86,0.0,15,3,female,master,single,mortgage,yes,1
30,53593.0,13,735,3920.14,6773.82,0.0731,14,3,female,high_school,married,own,no,1
46,62023.16,36,506,14038.09,2450.21,0.2263,5,1,male,master,married,mortgage,no,1
20,50425.27,17,731,14308.69,7786.01,0.2838,7,4,male,master,single,rent,yes,1
27,58156.79,3,764,7471.53,6037.8,0.1285,9,3,female,bachelor,single,own,yes,1
37,36138.82,33,437,9361.97,6605.95,0.2591,18,1,female,high_school,married,own,no,1
63,51779.4,21,820,6864.63,4023.69,0.1326,5,4,female,phd,married,rent,no,1
68,110172.24,2,545,1245.15,5792.88,0.0113,16,4,female,master,married,mortgage,yes,1
51,58468.93,29,399,18111.8,5191.12,0.3098,9,2,female,high_school,single,own,no,1
48,54749.47,23,456,11608.45,6936.83,0.212,15,2,female,master,divorced,own,yes,1
47,71712.23,36,305,26334.49,10822.74,0.3672,6,1,male,high_school,single,rent,no,1
21,75578.68,28,394,3706.81,7097.58,0.049,7,1,male,high_school,married,mortgage,no,1
37,35497.09,25,828,8037.27,500.0,0.2264,6,0,male,high_school,divorced,rent,no,1
69,55442.51,8,381,15180.79,2444.89,0.2738,6,0,male,bachelor,divorced,rent,no,1
39,80202.07,24,772,7284.34,500.0,0.0908,3,3,male,bachelor,single,mortgage,no,1
29,65936.43,6,662,0.0,3062.52,0.0,5,3,male,high_school,married,rent,yes,1
30,62682.99,15,634,2357.91,7786.13,0.0376,19,3,male,bachelor,married,rent,yes,1
55,94188.39,17,784,9705.25,7233.78,0.103,1,4,female,master,married,rent,no,1
19,45089.0,22,749,11403.57,3740.69,0.2529,4,3,male,high_school,single,rent,no,1
68,61820.41,8,584,8337.76,6763.83,0.1349,5,1,male,bachelor,single,rent,no,1
63,48558.71,22,626,16024.4,3188.84,0.33,5,0,female,high_school,married,rent,yes,1
47,92786.78,12,844,15949.36,870.75,0.1719,17,2,female,bachelor,divorced,mortgage,no,1
42,17059.07,36,797,11259.45,920.74,0.66,8,0,female,high_school,single,own,no,1
57,45256.88,39,484,9188.24,2831.64,0.203,17,3,male,high_school,divorced,own,no,1
46,48358.55,33,433,7229.75,10793.66,0.1495,2,4,female,high_school,married,own,no,1
42,74597.87,9,320,12857.18,1147.87,0.1724,13,3,female,bachelor,single,mortgage,no,1
34,73338.06,29,544,15437.38,10173.34,0.2105,4,3,male,bachelor,divorced,own,no,1
41,90694.27,39,641,9424.23,10467.91,0.1039,17,4,female,bachelor,single,rent,no,1
57,25371.28,36,668,12149.99,5193.35,0.4789,8,0,male,high_school,single,rent,no,1
20,76510.45,34,848,6729.81,5657.17,0.088,13,2,female,phd,married,mortgage,no,1
19,53547.84,2,418,0.0,3686.43,0.0,11,3,male,high_school,divorced,own,no,1
55,45356.24,6,573,1993.32,5740.69,0.0439,6,4,female,high_school,single,own,no,1
37,71870.51,30,693,14360.36,8125.36,0.1998,10,0,female,bachelor,single,mortgage,no,1
59,39756.93,12,351,12129.02,5856.93,0.3051,14,0,female,high_school,single,rent,no,0
19,14307.91,18,444,20131.5,9307.02,1.407,7,3,male,high_school,single,own,no,0
65,51855.19,19,704,9392.69,9968.07,0.1811,13,3,male,bachelor,single,mortgage,no,1
24,27049.04,30,690,15053.42,7022.58,0.5565,13,2,female,bachelor,married,own,no,1
39,45723.85,29,411,18261.12,6964.98,0.3994,16,0,male,master,married,own,no,1
68,68174.2,11,742,15961.15,5606.87,0.2341,14,3,female,high_school,single,mortgage,yes,1
23,66863.99,31,780,4740.17,7030.77,0.0709,9,2,female,bachelor,single,mortgage,yes,1
52,94911.79,18,533,7708.04,1928.42,0.0812,5,0,male,high_school,single,rent,yes,1
55,55607.6,23,481,9908.41,7236.6,0.1782,8,0,male,master,divorced,own,no,1
40,26266.71,32,844,2098.92,6536.84,0.0799,4,4,female,bachelor,single,rent,no,1
22,43365.87,11,444,12320.02,2807.74,0.2841,3,4,female,master,married,own,no,1
45,39773.55,1,647,16167.92,13335.93,0.4065,12,4,female,high_school,married,rent,yes,1
40,33207.85,26,499,5634.02,2424.08,0.1697,16,0,male,bachelor,married,own,yes,1
63,69578.08,11,716,22807.88,2783.56,0.3278,8,4,male,bachelor,married,rent,yes,1
53,45804.89,10,641,6964.93,6790.5,0.1521,17,2,female,high_school,divorced,own,yes,1
35,16497.8,19,311,7579.29,500.0,0.4594,16,3,male,master,married,rent,no,1
21,75332.3,35,329,7332.05,3052.65,0.0973,0,3,male,bachelor,single,rent,no,1
48,57548.62,34,362,4042.07,500.0,0.0702,0,1,female,bachelor,single,mortgage,yes,1
32,67850.42,29,844,11925.01,2440.33,0.1758,18,1,male,high_school,married,own,no,1
53,62325.87,10,691,9140.18,5352.15,0.1467,10,4,female,bachelor,single,rent,no,1
62,73896.4,37,479,20629.6,6930.83,0.2792,9,4,male,bachelor,divorced,own,no,1
36,60836.41,32,818,13251.17,9670.43,0.2178,6,3,female,high_school,single,own,yes,1
64,87196.45,1,466,12763.83,8630.02,0.1464,4,2,male,high_school,divorced,own,yes,1
44,69349.62,9,645,7449.24,9951.78,0.1074,4,3,female,master,single,mortgage,no,1
45,68625.49,4,565,0.0,7868.78,0.0,12,4,female,bachelor,married,own,no,1
57,69017.07,12,802,8373.48,4176.61,0.1213,17,3,female,high_school,single,rent,no,1
59,27953.97,27,565,3047.96,9708.64,0.109,6,1,male,bachelor,single,mortgage,no,1
65,56378.01,22,332,15662.9,4106.35,0.2778,4,1,female,bachelor,married,mortgage,no,1
69,54295.04,5,518,8786.9,3665.68,0.1618,7,4,female,high_school,single,rent,yes,1
25,64566.03,26,790,20660.2,11154.23,0.32,15,4,male,high_school,single,own,no,1
39,30108.73,23,516,14147.17,8564.18,0.4699,15,0,male,bachelor,married,mortgage,no,1
66,95950.53,35,782,14848.75,6576.65,0.1548,17,3,female,master,married,rent,yes,1
33,62296.55,12,316,10614.6,8438.26,0.1704,10,2,male,bachelor,single,rent,no,1
18,33351.01,35,645,10460.71,8880.32,0.3137,19,1,male,master,single,mortgage,no,1
47,22404.49,26,381,13572.91,1046.56,0.6058,11,2,male,high_school,single,own,no,1
57,53811.68,10,536,15458.68,5480.49,0.2873,2,1,female,bachelor,single,rent,yes,1
56,58027.14,12,595,4026.01,1686.94,0.0694,11,4,female,bachelor,married,rent,no,1
60,44197.57,29,687,12445.96,6235.02,0.2816,3,0,male,bachelor,single,rent,yes,1
51,62026.5,27,700,27347.61,3462.28,0.4409,18,3,male,high_school,single,own,no,1
25,45894.13,25,434,8372.17,10556.6,0.1824,1,2,male,bachelor,single,mortgage,no,1
62,72136.48,16,684,7211.2,7620.04,0.1,13,4,female,high_school,married,own,no,1
39,44060.08,15,667,4152.71,2969.05,0.0943,6,4,female,bachelor,married,own,no,1
62,59153.0,22,308,0.0,5742.16,0.0,3,2,female,bachelor,divorced,mortgage,no,1
60,81534.46,31,681,17322.2,1571.22,0.2125,18,1,male,phd,single,mortgage,no,1
68,116576.72,10,812,9426.76,5948.15,0.0809,10,3,male,high_school,single,own,yes,1
18,37831.85,35,596,11097.39,7718.94,0.2933,12,1,female,bachelor,married,rent,no,1
63,49780.83,7,406,21913.84,6725.92,0.4402,15,2,male,high_school,married,mortgage,yes,1
50,41523.61,19,443,26564.32,500.0,0.6397,3,4,female,master,single,rent,no,1
43,77255.22,12,723,2780.18,4632.42,0.036,19,0,male,bachelor,single,own,no,1
59,34741.82,36,301,16381.91,7583.35,0.4715,2,0,female,high_school,divorced,own,no,0
67,49344.14,7,392,13366.92,6873.79,0.2709,1,1,female,bachelor,married,rent,no,1
44,59348.77,5,407,11797.15,9857.18,0.1988,14,0,female,high_school,divorced,rent,yes,1
22,38469.07,27,430,12359.85,1307.87,0.3213,1,0,male,high_school,married,own,no,1
55,38938.85,6,758,8849.24,7634.12,0.2273,12,3,female,high_school,single,own,yes,1
29,49536.3,39,367,20138.98,3525.85,0.4066,15,0,female,high_school,married,rent,no,1
29,13790.31,30,416,13316.54,6484.24,0.9656,0,0,female,bachelor,single,own,no,1
28,28199.48,35,786,11429.21,7220.25,0.4053,3,0,male,bachelor,single,own,yes,1
28,50913.25,12,340,17745.97,8203.78,0.3486,11,3,female,bachelor,single,own,yes,0
65,63261.07,29,463,15293.55,3782.97,0.2418,9,0,male,bachelor,single,own,no,1
36,55913.28,23,435,12239.55,6447.49,0.2189,3,4,male,bachelor,single,own,no,1
23,20972.69,16,737,11306.89,1713.86,0.5391,13,3,female,bachelor,single,own,no,1
27,49796.7,19,585,21309.18,865.56,0.4279,5,2,male,bachelor,married,own,no,1
38,77565.63,0,382,12586.12,7742.48,0.1623,10,0,male,master,married,rent,no,1
35,72229.04,5,622,8390.84,5609.39,0.1162,2,0,male,high_school,single,own,no,1
34,58267.55,4,797,3019.56,500.0,0.0518,11,4,male,high_school,married,own,no,1
67,40477.86,30,782,6611.57,2825.09,0.1633,19,1,male,high_school,married,mortgage,no,1
63,73886.76,10,810,1671.69,5865.04,0.0226,2,2,female,high_school,divorced,rent,no,1
47,47263.56,29,770,9773.2,11238.86,0.2068,9,2,male,bachelor,single,mortgage,no,1
69,34276.54,28,775,10818.86,9453.35,0.3156,3,2,female,bachelor,married,own,no,1
35,42351.9,5,832,0.0,8590.08,0.0,12,4,male,bachelor,married,rent,no,1
25,91863.6,13,634,9147.81,500.0,0.0996,7,0,male,bachelor,married,own,no,1
32,64843.96,10,786,13563.37,5456.81,0.2092,4,3,male,high_school,divorced,mortgage,yes,1
22,85503.44,4,477,10185.01,7466.06,0.1191,5,3,male,bachelor,single,mortgage,no,1
67,49454.6,32,547,2336.37,7174.45,0.0472,7,3,male,bachelor,married,rent,yes,1
29,80639.29,14,482,17899.98,7251.86,0.222,1,4,male,high_school,married,own,no,1
41,46766.91,36,378,4143.84,4980.45,0.0886,12,2,male,bachelor,married,rent,no,1
28,56536.6,33,332,419.76,11946.26,0.0074,5,4,male,bachelor,single,mortgage,no,1
68,114699.71,34,825,1452.79,10961.28,0.0127,14,1,male,high_school,married,rent,no,1
26,76877.27,29,672,8916.08,5467.89,0.116,19,1,male,bachelor,single,rent,no,1
44,48974.25,20,425,15897.69,2367.99,0.3246,18,3,female,high_school,married,own,no,1
67,58133.98,17,484,17175.84,12981.14,0.2955,9,2,male,bachelor,married,rent,no,1
45,67176.92,14,642,10484.45,3862.3,0.1561,4,0,male,bachelor,married,own,no,1
64,86630.07,25,374,660.18,9982.84,0.0076,7,2,female,high_school,married,rent,no,1
64,49239.07,17,445,4417.22,12475.79,0.0897,4,2,male,bachelor,single,own,no,1
57,21690.98,34,349,2729.6,2494.7,0.1258,16,3,female,high_school,single,own,no,1
56,53847.88,7,749,7764.28,6812.03,0.1442,8,4,male,high_school,single,own,no,1
47,60338.48,14,512,0.0,4579.19,0.0,17,3,female,bachelor,single,mortgage,no,1
48,62409.84,19,410,9789.25,7596.93,0.1569,6,1,female,bachelor,married,own,yes,1
61,88967.18,11,406,13525.81,6916.41,0.152,3,2,female,master,single,rent,no,1
40,66967.12,9,531,7966.33,12602.95,0.119,16,3,male,master,single,rent,no,1
67,77884.17,22,679,12229.75,7860.32,0.157,2,0,male,master,married,own,no,1
63,35775.5,6,420,2437.87,5764.73,0.0681,7,3,male,bachelor,single,own,no,1
37,79093.83,31,410,0.0,9734.85,0.0,15,2,female,master,divorced,rent,no,1
39,106116.84,15,773,4547.89,4843.63,0.0429,7,0,female,high_school,divorced,own,no,1
55,77004.0,30,300,17106.41,4516.9,0.2221,16,1,male,bachelor,single,own,no,1
65,65578.23,2,640,16216.33,13628.28,0.2473,10,4,male,bachelor,married,own,no,1
23,63387.74,31,308,5808.27,2922.16,0.0916,4,1,female,master,married,own,no,1
21,99317.13,18,646,17432.39,4084.12,0.1755,11,1,female,high_school,divorced,rent,no,1
30,39602.01,34,447,6731.4,5948.85,0.17,4,4,female,bachelor,married,mortgage,no,1
40,57555.75,27,472,19588.7,2096.38,0.3403,7,4,male,high_school,single,own,yes,1
26,70124.57,32,575,12383.51,500.0,0.1766,1,1,female,high_school,single,own,no,1
45,76368.02,26,397,5841.2,9488.96,0.0765,0,1,male,bachelor,married,rent,no,1
46,50378.79,4,702,14571.6,3048.56,0.2892,0,1,female,high_school,married,own,yes,1
67,66761.07,39,771,3581.42,3900.74,0.0536,14,3,female,bachelor,married,own,no,1
56,53885.73,15,534,2453.25,4491.43,0.0455,3,0,female,bachelor,single,rent,no,1
31,62650.36,35,720,0.0,2359.51,0.0,2,4,male,high_school,married,own,yes,1
58,57093.99,20,722,10810.09,2035.56,0.1893,2,0,male,bachelor,married,own,no,1
59,34884.94,25,703,8627.89,6357.07,0.2473,17,4,female,bachelor,single,own,no,1
53,59535.5,7,719,8460.21,14185.89,0.1421,19,4,male,high_school,single,mortgage,yes,1
53,79297.33,35,848,6131.04,8371.51,0.0773,4,2,male,bachelor,single,own,yes,1
34,38725.6,31,427,19065.19,8408.15,0.4923,11,2,male,bachelor,married,mortgage,no,1
55,54695.98,17,607,6034.76,525.35,0.1103,5,0,female,master,single,rent,no,1
25,74625.16,16,823,3936.11,5709.63,0.0527,4,2,female,master,married,mortgage,no,1
50,36462.97,31,398,17722.79,1652.59,0.486,10,3,female,bachelor,single,rent,no,1
65,64018.04,6,490,18948.99,8496.52,0.296,16,3,female,bachelor,single,rent,yes,1
68,36677.14,11,635,11372.01,4995.85,0.3101,18,2,female,bachelor,married,mortgage,yes,1
33,84961.87,5,347,0.0,5927.57,0.0,0,3,female,high_school,single,own,no,1
35,110882.07,21,458,4802.02,5484.09,0.0433,7,0,male,bachelor,divorced,own,no,1
50,104489.62,14,470,13290.32,3751.5,0.1272,15,0,female,high_school,married,rent,no,1
38,55178.03,39,582,9124.06,500.0,0.1654,9,1,female,bachelor,divorced,rent,no,1
56,76284.38,35,603,19878.53,7822.41,0.2606,4,0,male,bachelor,single,rent,yes,1
28,62661.95,23,552,0.0,953.34,0.0,8,4,female,bachelor,single,own,no,1
26,62246.33,30,748,13748.67,1661.34,0.2209,6,3,male,high_school,single,mortgage,no,1
20,94050.66,20,609,4610.77,4751.96,0.049,2,2,male,master,married,rent,no,1
42,30978.05,17,708,18261.29,3322.34,0.5895,12,3,female,high_school,married,rent,no,1
29,83216.48,31,806,8474.18,6709.57,0.1018,5,0,male,bachelor,married,own,yes,1
33,58922.53,14,612,16214.52,9330.17,0.2752,5,3,female,high_school,married,own,yes,1
65,90987.89,12,745,4467.3,6664.58,0.0491,18,3,male,master,divorced,own,no,1
60,64119.13,5,556,0.0,6483.41,0.0,11,4,male,master,married,mortgage,no,1
61,45201.22,33,528,1227.32,5875.15,0.0272,18,2,female,bachelor,married,own,no,1
48,66097.09,31,324,4753.11,8796.65,0.0719,9,3,female,master,single,rent,no,1
23,76191.28,0,749,1826.3,500.0,0.024,5,4,female,bachelor,single,rent,no,1
56,60786.8,33,347,17403.23,7078.5,0.2863,15,1,male,bachelor,single,rent,no,1
49,70736.84,9,773,18372.37,2528.62,0.2597,18,2,male,bachelor,single,rent,no,1
65,48523.15,35,386,10911.33,1478.31,0.2249,5,3,female,master,married,own,no,1
42,13054.55,7,725,1760.63,5810.41,0.1349,0,0,female,high_school,married,own,no,1
27,79800.52,6,839,8171.4,4437.96,0.1024,19,2,female,bachelor,married,own,no,1
48,75381.51,10,603,4198.17,7834.95,0.0557,14,0,female,high_school,single,rent,no,1
41,63259.92,37,721,19178.52,9646.13,0.3032,7,3,male,bachelor,single,rent,yes,1
52,61505.03,37,794,11211.6,500.0,0.1823,0,0,male,high_school,married,rent,no,1
37,82798.51,26,762,12426.06,5540.32,0.1501,11,0,male,bachelor,married,mortgage,yes,1
33,49943.65,0,570,6202.22,12647.72,0.1242,8,4,male,bachelor,married,rent,yes,1
24,44456.25,24,802,0.0,8830.04,0.0,9,1,female,master,divorced,own,no,1
67,55851.9,11,358,3602.06,10855.86,0.0645,8,1,female,master,single,rent,no,1
57,86160.14,29,354,1183.57,6149.78,0.0137,13,2,male,high_school,single,rent,no,1
42,29483.52,22,449,11591.78,770.01,0.3932,8,1,male,high_school,single,rent,yes,1
30,86220.26,35,847,9675.78,1856.21,0.1122,19,2,male,high_school,single,rent,no,1
50,45936.44,28,661,3388.61,8284.55,0.0738,18,4,female,bachelor,single,own,yes,1
39,35783.64,12,403,6279.74,9149.65,0.1755,1,0,male,high_school,married,rent,no,1
51,87721.36,30,508,19965.34,3233.3,0.2276,7,1,male,master,married,own,no,1
22,57868.42,9,306,2284.6,4854.62,0.0395,18,1,male,high_school,married,own,no,0
27,31394.84,15,532,2574.32,6709.07,0.082,0,3,female,master,married,rent,no,1
56,52107.87,9,630,7401.6,500.0,0.142,6,2,male,bachelor,married,mortgage,no,1
21,80483.15,8,521,4106.04,4568.71,0.051,2,4,male,bachelor,married,mortgage,no,1
53,86225.63,16,575,5998.77,11457.46,0.0696,7,0,male,bachelor,married,own,no,1
39,50603.83,34,405,12720.14,13443.44,0.2514,14,4,female,master,married,rent,no,1
18,68939.06,17,338,21125.57,5415.03,0.3064,3,0,female,high_school,married,mortgage,no,1
57,75709.86,4,351,0.0,12204.38,0.0,2,0,male,master,married,mortgage,no,0
54,45818.22,30,673,8872.29,3956.39,0.1936,0,2,female,master,single,own,no,1
60,67810.79,2,326,9290.07,2958.11,0.137,1,2,female,bachelor,married,own,no,0
64,59298.69,22,403,8412.48,500.0,0.1419,15,4,male,bachelor,married,rent,no,1
55,48207.46,9,669,7690.22,9143.49,0.1595,3,1,female,high_school,single,own,yes,1
61,49172.75,36,736,6617.41,4485.04,0.1346,2,2,male,bachelor,married,own,no,1
23,61474.76,19,478,16029.35,13983.71,0.2607,19,3,male,bachelor,married,own,no,1
65,60656.78,16,570,5744.04,6955.24,0.0947,7,3,female,high_school,single,rent,no,1
65,47559.22,37,551,8108.79,6454.95,0.1705,8,1,female,high_school,married,rent,no,1
54,50629.21,18,719,8999.2,500.0,0.1777,5,0,male,master,married,rent,no,1
59,84493.42,29,814,9752.47,11046.29,0.1154,2,0,male,master,divorced,rent,yes,1
56,64704.2,17,759,7803.95,4526.26,0.1206,14,2,female,bachelor,married,rent,yes,1
63,79472.08,22,644,15994.72,5232.83,0.2013,13,1,male,bachelor,single,rent,no,1
64,86440.09,19,712,8939.25,500.0,0.1034,7,2,female,bachelor,single,rent,yes,1
45,72954.53,20,745,10218.43,9039.34,0.1401,7,0,male,master,married,rent,no,1
60,109959.5,17,770,8639.83,9258.25,0.0786,2,0,female,bachelor,single,rent,yes,1
65,41843.31,27,719,1978.83,3677.49,0.0473,11,3,female,bachelor,married,mortgage,yes,1
33,77785.01,19,694,3190.23,6123.9,0.041,9,3,female,master,married,own,no,1
20,53000.83,25,824,1649.95,7173.09,0.0311,19,1,female,high_school,divorced,own,yes,1
26,100827.23,29,500,10348.54,9170.05,0.1026,6,2,male,bachelor,single,rent,no,1
19,97409.68,13,336,4005.55,6165.99,0.0411,13,2,female,master,married,rent,no,1
40,17007.35,6,573,1570.28,11830.26,0.0923,6,0,male,master,married,mortgage,no,1
19,38684.94,3,511,10666.74,4952.56,0.2757,10,1,female,master,married,own,no,1
31,74614.88,23,322,12675.22,3679.26,0.1699,6,1,male,high_school,divorced,rent,no,1
31,77377.08,8,822,0.0,4168.23,0.0,19,1,male,bachelor,single,rent,no,1
54,76204.41,14,837,20827.71,500.0,0.2733,8,3,male,high_school,single,own,no,1
30,58440.96,31,555,9225.97,2978.6,0.1579,10,1,female,master,married,own,no,1
67,70012.66,18,702,8263.83,9327.63,0.118,2,2,male,bachelor,single,rent,no,1
27,74366.47,25,821,16467.43,6730.9,0.2214,9,1,male,bachelor,married,own,no,1
68,58286.83,5,561,9488.69,2939.09,0.1628,18,2,female,bachelor,divorced,own,yes,1
47,82600.64,31,401,4772.99,7029.67,0.0578,17,3,female,bachelor,married,rent,yes,1
30,10291.06,23,362,24362.02,500.0,2.0,11,2,male,master,married,own,no,0
20,73943.46,1,333,1479.23,4809.98,0.02,19,0,female,bachelor,single,rent,no,1
33,37250.84,18,336,8316.65,7644.74,0.2233,2,4,female,high_school,divorced,rent,no,0
48,81090.91,36,792,14930.36,8250.87,0.1841,14,3,male,bachelor,married,rent,no,1
23,54968.94,18,686,1512.48,3097.11,0.0275,7,3,female,high_school,single,rent,no,1
26,40446.68,15,526,8285.8,9003.76,0.2049,7,1,male,high_school,single,own,no,1
23,68225.85,1,828,11705.95,12353.01,0.1716,19,1,male,bachelor,single,rent,no,1
53,39950.66,37,579,25811.53,4315.73,0.6461,8,0,male,bachelor,single,mortgage,no,1
22,39919.11,8,506,2750.42,8403.48,0.0689,11,2,female,high_school,married,mortgage,yes,1
19,25519.52,23,814,8666.37,500.0,0.3396,0,0,male,high_school,single,own,yes,1
41,59412.43,17,697,13610.95,500.0,0.2291,4,2,male,high_school,single,own,yes,1
34,70930.12,21,420,9567.32,7955.79,0.1349,4,4,male,high_school,married,rent,no,1
47,82506.57,4,683,580.07,5963.13,0.007,13,4,female,bachelor,single,rent,no,1
66,56881.99,32,832,11856.9,6512.59,0.2084,15,0,male,high_school,single,own,no,1
62,83052.81,6,515,9752.85,3773.0,0.1174,8,2,male,high_school,married,mortgage,no,1
45,60395.14,25,518,12119.42,4786.21,0.2007,9,1,female,high_school,married,mortgage,no,1
51,57947.65,10,595,16920.26,8653.38,0.292,13,0,male,bachelor,married,rent,no,1
60,72618.38,26,436,16092.37,11829.95,0.2216,17,4,male,master,married,own,no,1
40,83284.64,3,816,11854.34,5058.19,0.1423,15,0,male,bachelor,single,mortgage,yes,1
52,52488.44,6,428,11174.1,500.0,0.2129,13,0,female,high_school,single,rent,no,1
29,54637.24,36,743,1310.7,10278.7,0.024,1,0,male,master,married,own,yes,1
49,56461.71,24,585,8059.8,7927.63,0.1427,11,1,male,master,married,own,no,1
30,61820.92,32,662,10542.25,8205.88,0.1705,3,1,male,master,married,mortgage,no,1
27,40191.02,14,556,6192.89,6456.51,0.1541,16,1,male,bachelor,married,rent,no,1
57,82616.13,30,679,9683.26,13952.78,0.1172,11,1,male,high_school,married,own,no,1
47,51190.99,3,787,3222.76,6084.31,0.063,9,4,male,bachelor,married,own,no,1
37,70173.76,28,607,19740.28,7620.35,0.2813,0,4,male,bachelor,divorced,mortgage,no,1
20,41839.6,5,327,24064.55,500.0,0.5752,13,0,female,high_school,single,own,no,1
30,67893.69,25,703,6273.18,3792.81,0.0924,10,0,female,bachelor,single,rent,no,1
59,68615.05,19,324,11802.51,3415.52,0.172,9,4,female,high_school,divorced,rent,no,1
42,50745.01,25,608,7360.89,5715.93,0.1451,4,3,female,master,single,rent,no,1
67,104459.57,10,384,17840.03,7039.63,0.1708,7,0,female,bachelor,single,rent,no,1
64,68162.88,4,752,12044.98,3196.34,0.1767,16,0,female,master,single,own,yes,1
62,99092.44,30,633,9541.33,11881.83,0.0963,15,2,male,high_school,married,rent,no,1
18,81101.06,18,654,7434.36,2090.25,0.0917,16,0,male,bachelor,single,mortgage,yes,1
20,45429.95,4,729,9882.89,4243.23,0.2175,1,3,female,master,married,rent,no,1
48,51591.89,16,435,1997.41,6655.2,0.0387,4,4,male,bachelor,married,rent,no,1
35,69594.25,0,563,13728.73,1440.23,0.1973,19,2,male,high_school,single,rent,no,1
61,61345.8,35,408,4002.04,7818.95,0.0652,1,4,female,bachelor,single,own,yes,1
34,61088.15,39,637,12744.17,8036.84,0.2086,19,2,female,bachelor,married,own,no,1
25,53703.49,16,523,9907.45,4796.61,0.1845,13,4,male,bachelor,single,rent,no,1
23,20213.52,12,653,16664.6,12506.1,0.8244,16,2,male,high_school,single,rent,no,1
33,55040.48,25,633,8881.05,6107.09,0.1614,8,1,male,bachelor,married,own,no,1
50,11201.33,20,310,16161.5,6805.18,1.4428,9,1,female,master,married,mortgage,no,0
24,68180.03,30,412,2543.53,2458.04,0.0373,5,0,male,high_school,married,rent,no,1
59,44026.73,8,435,13266.11,500.0,0.3013,8,4,female,master,single,own,no,1
33,44260.83,15,509,7431.32,3610.73,0.1679,17,0,female,high_school,single,own,no,1
34,55175.32,8,848,10359.53,4694.75,0.1878,8,2,female,bachelor,single,mortgage,no,1
52,65998.79,37,559,9502.25,4225.86,0.144,1,1,female,high_school,married,rent,yes,1
62,28495.86,16,481,15554.04,8513.05,0.5458,9,3,male,bachelor,single,own,no,1
40,21530.77,25,766,0.0,500.0,0.0,1,3,male,bachelor,single,own,yes,1
59,36546.55,31,820,11261.57,1849.55,0.3081,4,2,male,high_school,married,mortgage,yes,1
33,15081.99,24,461,0.0,500.0,0.0,3,0,female,high_school,married,own,yes,1
24,38729.31,1,570,17447.72,10519.77,0.4505,15,4,male,phd,single,rent,no,1
61,94999.43,39,373,0.0,3842.07,0.0,6,4,male,bachelor,single,rent,no,1
57,36755.11,33,422,1973.53,4017.99,0.0537,17,1,male,master,divorced,mortgage,yes,1
57,74330.91,12,592,0.0,1962.61,0.0,13,2,male,bachelor,single,rent,no,1
63,29824.03,39,301,20474.65,8971.53,0.6865,10,0,female,master,married,own,no,0
43,66580.64,35,696,0.0,4379.48,0.0,4,2,female,bachelor,single,rent,no,1
28,52965.86,22,419,9797.4,6599.29,0.185,17,4,male,phd,married,mortgage,yes,1
48,58684.12,17,580,5249.45,500.0,0.0895,13,4,male,bachelor,single,own,no,1
47,72513.11,14,476,0.0,9924.72,0.0,5,2,male,high_school,married,own,no,1
38,98637.28,10,433,6638.98,7205.74,0.0673,5,2,male,high_school,married,own,no,1
51,64283.54,9,541,13639.15,7756.37,0.2122,17,3,male,high_school,single,mortgage,no,1
31,62735.9,4,675,7710.12,10154.71,0.1229,13,2,female,high_school,divorced,mortgage,no,1
49,38585.91,7,545,15587.56,5147.39,0.404,19,3,male,bachelor,single,rent,no,1
59,72833.47,39,685,6466.53,5239.04,0.0888,10,4,male,bachelor,single,own,no,1
23,54586.41,12,601,9048.01,8340.22,0.1658,13,3,male,master,married,own,no,1
41,78304.15,8,713,6306.41,7320.36,0.0805,15,3,female,high_school,married,own,no,1
52,59038.46,34,560,11404.98,4967.75,0.1932,19,4,male,master,single,rent,no,1
20,98298.83,23,629,22292.38,5980.48,0.2268,4,0,female,high_school,married,rent,yes,1
50,16375.84,0,318,11535.68,4059.35,0.7044,14,3,female,high_school,married,rent,no,0
65,53474.81,10,395,10361.09,8332.1,0.1938,9,1,male,high_school,divorced,own,no,1
60,79392.6,31,446,4671.1,9099.69,0.0588,13,0,female,high_school,divorced,mortgage,no,1
53,52284.77,11,616,3711.64,5845.93,0.071,0,0,male,bachelor,married,rent,no,1
59,42572.19,26,829,19248.49,12413.15,0.4521,9,4,female,master,married,rent,yes,1
36,54150.63,23,370,1214.33,500.0,0.0224,19,3,female,high_school,married,mortgage,yes,1
35,29641.57,0,315,2608.01,5011.01,0.088,1,0,male,high_school,married,own,no,0
22,62616.98,5,654,8317.84,11828.04,0.1328,3,2,male,high_school,single,rent,no,1
55,113690.16,2,703,6015.83,4351.77,0.0529,2,4,female,bachelor,married,own,no,1
34,85190.69,32,784,22693.32,500.0,0.2664,16,4,male,high_school,single,rent,no,1
63,35601.8,29,562,0.0,10723.19,0.0,16,0,female,bachelor,single,mortgage,no,1
42,40786.5,5,725,11529.53,7743.73,0.2827,11,1,male,master,single,own,no,1
64,51095.99,26,688,13988.97,1643.02,0.2738,3,3,female,high_school,single,own,no,1
25,82097.15,6,315,1156.54,8548.83,0.0141,19,1,male,high_school,married,own,no,1
26,41927.29,12,482,4487.96,2244.43,0.107,13,3,female,high_school,married,rent,no,1
36,44814.91,27,692,12028.27,1130.79,0.2684,9,3,female,master,married,mortgage,no,1
19,79464.49,34,503,20406.59,5298.37,0.2568,3,0,female,high_school,single,rent,no,1
43,79022.36,11,622,2556.41,4145.7,0.0324,11,0,male,master,married,rent,no,1
51,51776.08,8,584,0.0,1981.73,0.0,15,3,female,high_school,single,own,no,1
52,35409.2,0,657,15807.29,4550.15,0.4464,5,4,male,high_school,single,rent,no,1
29,25905.61,17,800,19666.2,2309.09,0.7591,19,2,male,bachelor,single,rent,no,1
26,44622.22,22,775,6654.78,6043.35,0.1491,15,4,male,bachelor,married,own,no,1
47,10928.36,4,480,0.0,5752.26,0.0,12,0,female,high_school,divorced,mortgage,no,1
50,76496.04,26,548,19163.05,8447.2,0.2505,10,1,female,bachelor,single,mortgage,no,1
67,46139.32,25,347,7610.29,4238.17,0.1649,0,4,female,high_school,single,rent,no,0
64,70588.46,6,741,16867.29,1161.5,0.239,2,0,male,master,married,own,no,1
37,101103.15,3,321,8695.63,1204.72,0.086,14,2,female,bachelor,married,rent,no,1
26,85805.91,7,546,6370.47,4971.28,0.0742,1,3,female,master,single,own,no,1
31,34675.03,7,784,5836.61,11223.56,0.1683,9,2,male,bachelor,married,rent,no,1
63,79123.48,7,810,19314.12,8811.5,0.2441,3,1,male,bachelor,single,own,yes,1
41,85472.85,30,472,19041.16,3584.39,0.2228,17,4,male,master,divorced,rent,yes,1
69,43580.16,9,826,0.0,9139.85,0.0,17,4,male,bachelor,single,rent,no,1
52,39027.47,20,365,2446.22,1764.83,0.0627,2,1,male,high_school,married,mortgage,no,1
48,57586.78,30,695,21439.55,9390.26,0.3723,8,3,male,bachelor,married,rent,yes,1
23,24768.69,26,628,6428.95,4491.09,0.2596,5,0,female,high_school,married,rent,no,1
48,92356.17,16,743,0.0,8532.17,0.0,0,0,female,bachelor,married,own,no,1
37,10000.0,29,764,9031.26,8019.68,0.9031,18,4,male,phd,married,rent,no,1
61,35650.24,0,540,8241.43,4862.24,0.2312,14,3,male,bachelor,single,own,no,1
24,54069.57,24,629,8318.58,6985.34,0.1538,16,0,female,master,single,mortgage,yes,1
27,55004.08,13,706,5643.06,2090.89,0.1026,6,1,female,bachelor,married,mortgage,no,1
52,63654.73,7,383,6829.46,5576.55,0.1073,18,4,male,high_school,single,own,no,1
53,65971.87,7,636,5808.65,9637.11,0.088,1,4,male,high_school,married,rent,no,1
61,55300.54,27,523,11337.35,20215.62,0.205,10,1,female,high_school,married,own,no,1
45,85011.5,38,501,3310.82,8303.62,0.0389,2,0,female,high_school,married,rent,yes,1
37,12933.72,4,446,6972.49,6145.2,0.5391,13,4,male,high_school,married,mortgage,no,1
33,59996.38,12,556,7991.48,2282.73,0.1332,12,4,male,high_school,single,own,yes,1
37,44279.14,10,309,18140.19,9554.31,0.4097,18,2,male,bachelor,married,rent,yes,0
52,62915.3,19,635,11613.88,500.0,0.1846,15,4,male,bachelor,single,rent,no,1
46,64856.72,17,831,8232.1,3019.91,0.1269,13,3,male,bachelor,married,mortgage,yes,1
33,39939.76,26,562,12753.32,7094.43,0.3193,7,4,male,bachelor,married,rent,yes,1
29,45899.12,4,552,11842.83,1606.6,0.258,1,3,male,master,married,mortgage,yes,1
54,77436.91,20,553,16614.84,11244.1,0.2146,18,2,female,bachelor,married,rent,no,1
30,67679.24,4,374,12545.59,9674.33,0.1854,3,1,male,bachelor,married,rent,no,1
28,45034.53,32,597,21557.37,3843.26,0.4787,2,4,male,bachelor,single,mortgage,yes,1
35,104877.6,26,786,18412.32,3888.74,0.1756,0,2,male,high_school,married,rent,no,1
62,110801.91,35,782,8712.99,1208.55,0.0786,16,0,female,high_school,single,own,no,1
41,27825.83,29,841,6098.43,921.44,0.2192,2,3,male,master,married,rent,yes,1
48,66639.49,27,391,15177.89,7392.05,0.2278,5,1,female,high_school,single,rent,yes,1
22,115197.88,14,748,12616.4,8027.51,0.1095,0,0,female,master,married,mortgage,no,1
35,77245.77,33,576,8338.02,7072.0,0.1079,16,0,female,bachelor,married,rent,yes,1
57,64863.32,15,439,0.0,6771.5,0.0,7,4,male,high_school,married,rent,no,1
58,55422.75,9,718,0.0,3871.36,0.0,13,0,female,master,single,own,no,1
48,48093.73,8,404,11437.81,7103.48,0.2378,12,4,female,bachelor,single,own,yes,1
63,55324.68,20,554,14395.9,670.26,0.2602,12,4,male,phd,married,rent,no,1
33,47883.95,20,588,14624.05,5867.43,0.3054,17,1,female,bachelor,single,own,no,1
26,76387.98,10,605,0.0,11014.11,0.0,17,2,female,master,married,rent,no,1
22,51240.62,23,620,16261.41,10484.13,0.3174,8,1,male,bachelor,single,rent,yes,1
28,50294.67,8,352,5260.9,4211.6,0.1046,4,3,male,high_school,single,own,no,1
57,33552.46,37,783,11718.95,4665.27,0.3493,3,1,female,bachelor,single,own,no,1
65,58909.02,1,405,11916.84,10677.74,0.2023,2,4,male,bachelor,married,mortgage,no,1
24,40329.32,1,831,3382.59,12116.91,0.0839,18,3,male,master,single,own,no,1
44,56023.5,13,827,4860.72,583.3,0.0868,6,2,female,master,married,rent,no,1
24,82919.94,36,800,0.0,4341.13,0.0,18,2,male,master,married,own,no,1
61,68050.35,8,463,2582.82,6661.79,0.038,12,0,male,bachelor,single,mortgage,no,1
24,71103.96,39,488,0.0,10119.42,0.0,19,1,male,bachelor,married,own,yes,1
51,67834.0,13,728,12061.5,2895.92,0.1778,12,3,female,bachelor,married,rent,no,1
22,61301.87,13,622,9429.92,8096.01,0.1538,0,3,male,master,divorced,mortgage,no,1
56,57198.78,4,840,15398.36,4784.68,0.2692,15,1,male,bachelor,single,own,yes,1
65,53228.26,29,368,11495.8,14185.64,0.216,11,0,male,high_school,single,rent,yes,1
56,76700.57,34,625,4556.7,7350.97,0.0594,4,1,male,bachelor,single,rent,no,1
32,36146.72,32,585,11423.41,5367.23,0.316,12,3,female,bachelor,married,mortgage,no,1
61,89495.9,5,813,6267.02,4663.57,0.07,2,2,male,master,single,own,no,1
33,60749.72,26,338,13263.43,9550.12,0.2183,10,3,female,master,divorced,own,no,1
57,43528.59,17,537,11207.61,8227.41,0.2575,16,0,male,bachelor,married,rent,no,1
61,49238.79,11,361,2079.99,2036.48,0.0422,3,0,male,master,single,rent,no,1
43,45106.21,30,716,9015.39,6604.1,0.1999,11,3,female,master,married,rent,no,1
50,63524.54,24,367,9387.34,1137.01,0.1478,18,2,female,master,single,own,no,1
62,44207.45,34,836,6846.02,3185.48,0.1549,15,2,male,bachelor,single,rent,no,1
27,85126.89,35,465,15264.35,1292.59,0.1793,10,2,female,master,married,own,no,1
19,42803.94,34,541,20991.36,1182.98,0.4904,1,3,male,master,married,rent,no,1
40,10004.52,4,470,6425.86,3428.66,0.6423,0,4,female,high_school,married,own,no,1
27,43918.03,24,485,6545.11,2398.08,0.149,3,1,male,high_school,single,mortgage,no,1
63,15812.53,19,687,0.0,7697.4,0.0,6,1,female,phd,single,rent,no,1
63,59122.89,7,501,8097.56,8642.47,0.137,11,1,male,bachelor,single,own,no,1
37,83301.48,0,341,5946.72,5002.91,0.0714,14,2,female,high_school,single,own,no,1
34,74250.72,8,382,0.0,1909.53,0.0,14,2,male,master,single,own,no,1
54,30573.03,33,361,11019.46,8669.06,0.3604,4,4,male,high_school,single,own,no,0
41,43230.38,27,841,13137.09,500.0,0.3039,7,0,male,bachelor,single,mortgage,no,1
23,99129.94,31,660,3861.25,500.0,0.039,15,0,female,bachelor,married,rent,no,1
52,67007.25,36,817,6391.71,8399.39,0.0954,15,4,female,high_school,single,own,no,1
55,60090.61,1,670,2234.61,8148.93,0.0372,4,4,female,high_school,single,own,yes,1
21,83233.38,16,680,14337.79,9267.91,0.1723,4,0,male,high_school,single,own,no,1
58,113960.3,29,690,0.0,5084.78,0.0,8,1,male,bachelor,single,own,no,1
45,88524.61,29,787,6807.17,1409.97,0.0769,6,2,male,high_school,married,rent,no,1
60,63067.14,27,696,22657.51,4053.02,0.3593,5,1,female,bachelor,single,own,no,1
62,67803.14,5,551,9361.12,7835.79,0.1381,9,0,male,high_school,single,rent,no,1
53,73575.76,5,664,12275.52,3149.04,0.1668,2,4,male,bachelor,single,own,no,1
35,46520.63,17,516,7973.42,3375.3,0.1714,0,0,female,master,single,rent,no,1
37,36708.17,21,603,779.02,941.38,0.0212,17,1,female,master,divorced,rent,no,1
55,61153.88,12,376,8771.3,1752.88,0.1434,10,3,male,bachelor,married,own,no,1
21,39161.35,27,707,11845.32,8806.73,0.3025,6,1,male,bachelor,married,rent,no,1
30,58647.83,8,316,1841.51,7440.69,0.0314,9,3,male,high_school,divorced,mortgage,yes,0
44,62114.71,13,344,11391.3,1760.82,0.1834,15,1,female,master,single,own,no,1
67,111502.82,4,435,17714.37,2046.47,0.1589,8,4,female,bachelor,married,mortgage,no,1
57,41276.9,20,416,16487.83,3867.47,0.3994,17,3,male,bachelor,single,mortgage,no,1
60,57320.64,29,718,0.0,7769.75,0.0,16,4,female,bachelor,single,rent,no,1
27,56385.34,39,707,2173.04,1736.32,0.0385,5,3,female,high_school,married,rent,no,1
32,69620.83,9,427,0.0,5250.73,0.0,12,1,male,bachelor,married,own,no,1
31,83027.94,25,405,16498.09,500.0,0.1987,0,1,female,high_school,married,own,no,1
56,49209.36,2,490,13272.31,1424.56,0.2697,9,2,female,master,single,mortgage,no,1
45,41930.26,20,591,13921.98,7322.41,0.332,10,2,female,bachelor,divorced,mortgage,yes,1
28,23904.37,35,692,2851.55,8999.62,0.1193,18,4,female,high_school,married,own,no,1
56,39623.5,2,443,833.34,1779.11,0.021,4,1,male,master,married,rent,yes,1
51,71801.7,15,683,9538.35,3124.83,0.1328,14,1,female,bachelor,married,own,yes,1
64,61004.23,4,537,9706.89,8648.33,0.1591,17,4,male,bachelor,divorced,own,no,1
47,37660.45,21,342,3020.23,4472.41,0.0802,8,3,female,master,single,rent,yes,1
24,51799.12,34,758,9995.23,3941.1,0.193,3,1,male,bachelor,single,rent,no,1
64,60692.4,18,479,13511.98,7668.35,0.2226,11,2,male,bachelor,divorced,own,no,1
27,71080.94,29,663,10596.11,6533.32,0.1491,14,3,male,high_school,married,rent,no,1
20,46945.32,12,455,1724.34,9752.76,0.0367,9,4,male,high_school,married,own,no,1
59,54490.32,33,544,0.0,8636.27,0.0,0,4,male,bachelor,single,own,yes,1
41,19994.44,9,658,7187.84,3821.32,0.3595,13,2,male,high_school,divorced,rent,no,1
51,34669.51,23,450,10150.48,5427.87,0.2928,5,1,male,bachelor,single,own,no,1
24,95589.74,14,342,7179.41,5635.24,0.0751,12,0,male,master,married,rent,no,1
55,11860.91,23,742,6001.55,1080.24,0.506,3,4,female,master,divorced,rent,yes,1
39,52568.34,10,346,4159.88,2425.54,0.0791,12,3,female,master,married,own,no,1
69,64822.36,21,661,14009.47,9262.53,0.2161,17,2,female,high_school,single,rent,no,1
51,51764.32,10,629,8633.38,500.0,0.1668,0,4,female,master,married,own,yes,1
66,42220.53,29,541,9862.54,9343.57,0.2336,11,3,male,high_school,single,own,no,1
59,58656.27,9,392,2199.33,6851.24,0.0375,14,2,male,master,single,rent,no,1
61,59890.76,13,778,4657.05,5360.6,0.0778,13,1,male,bachelor,divorced,own,no,1
22,58193.42,0,513,10146.59,7740.47,0.1744,10,0,male,master,married,rent,no,1
58,18690.33,19,680,1962.08,7523.09,0.105,1,3,male,phd,single,mortgage,no,1
49,56757.12,0,764,184.91,10097.63,0.0033,6,0,male,bachelor,married,own,no,1
38,41187.52,18,839,6695.94,4443.59,0.1626,6,3,male,high_school,single,rent,no,1
34,47949.81,34,736,17406.8,5048.02,0.363,7,1,female,master,married,rent,no,1
51,64993.44,26,665,10336.66,4987.01,0.159,17,2,female,high_school,single,mortgage,yes,1
28,74096.03,20,835,19217.2,12464.11,0.2594,0,0,male,high_school,single,mortgage,no,1
27,79729.1,8,794,8079.34,9173.67,0.1013,12,4,female,bachelor,married,mortgage,yes,1
63,49078.91,34,317,6829.54,2606.01,0.1392,11,3,male,high_school,divorced,mortgage,no,1
57,80328.06,1,602,0.0,4681.61,0.0,15,2,female,bachelor,married,mortgage,no,1
48,85822.01,7,472,4966.43,3374.73,0.0579,7,2,male,high_school,divorced,rent,no,1
57,85006.03,3,690,19046.29,5902.04,0.2241,10,0,female,bachelor,single,mortgage,no,1
34,90574.89,14,368,11292.85,6606.46,0.1247,10,4,male,master,single,own,no,1
55,56794.98,7,763,14131.85,13909.39,0.2488,4,4,female,master,married,mortgage,no,1
28,56169.1,6,832,13935.68,500.0,0.2481,0,4,female,master,married,rent,no,1
41,78151.12,34,349,8933.18,9468.78,0.1143,18,2,female,bachelor,single,own,no,1
25,29936.47,21,714,7566.36,7390.67,0.2527,16,4,male,bachelor,single,rent,yes,1
37,64607.44,28,560,9834.29,3392.66,0.1522,5,3,male,bachelor,single,own,no,1
35,48327.7,21,844,13699.11,5333.61,0.2835,8,4,female,master,married,own,no,1
39,51886.64,29,633,12205.06,4119.18,0.2352,3,2,female,high_school,married,rent,no,1
42,21686.68,30,822,12443.81,6036.74,0.5738,0,1,male,high_school,married,rent,no,1
19,40408.03,17,331,10079.01,9396.86,0.2494,12,0,male,high_school,married,mortgage,no,1
35,59549.13,33,632,3610.46,531.13,0.0606,11,0,male,bachelor,married,own,no,1
61,79545.97,4,734,7168.83,10474.1,0.0901,1,1,female,high_school,divorced,own,no,1
40,81780.58,37,330,2409.83,4552.25,0.0295,19,3,male,bachelor,single,rent,yes,1
46,58232.82,18,693,16032.61,11140.33,0.2753,15,0,male,high_school,single,mortgage,no,1
23,55835.66,6,763,0.0,7312.35,0.0,3,0,female,bachelor,divorced,own,no,1
38,41725.06,34,814,7474.95,10196.71,0.1791,14,3,female,bachelor,married,own,no,1
68,68851.84,26,598,25710.48,7854.83,0.3734,14,3,male,bachelor,married,own,no,1
46,54553.28,20,504,6609.26,9679.36,0.1212,7,4,male,bachelor,married,own,no,1
19,73329.46,10,764,1056.51,6068.08,0.0144,14,3,female,bachelor,married,mortgage,no,1
55,98537.11,25,558,8874.32,2952.51,0.0901,10,3,female,bachelor,single,mortgage,no,1
58,59287.75,32,476,18025.63,8232.11,0.304,8,1,male,bachelor,married,rent,no,1
37,27058.2,14,801,7876.85,8368.36,0.2911,9,4,female,high_school,single,mortgage,no,1
19,41061.29,6,728,13293.44,13240.74,0.3237,9,3,male,bachelor,single,own,no,1
61,27920.76,6,526,9699.67,500.0,0.3474,1,1,female,high_school,single,rent,no,1
31,33663.59,31,323,6389.89,5183.23,0.1898,7,0,female,master,married,mortgage,no,1
65,88715.96,25,758,31052.02,9602.66,0.35,1,0,female,master,single,own,yes,1
36,64986.51,10,421,9498.05,1479.74,0.1462,6,4,male,high_school,single,rent,yes,1
38,26556.16,19,531,5239.9,5080.05,0.1973,7,2,female,high_school,single,rent,yes,1
59,74379.91,6,324,5570.12,13309.81,0.0749,17,4,female,bachelor,married,own,no,1
25,87728.25,13,485,11664.02,10851.26,0.133,0,0,female,bachelor,married,own,yes,1
19,52082.76,32,798,11864.52,2795.39,0.2278,8,0,male,bachelor,single,rent,no,1
57,45128.2,10,452,14404.08,10886.91,0.3192,3,1,female,high_school,divorced,own,no,1
66,52577.69,38,338,9988.01,10038.13,0.19,17,1,female,bachelor,married,own,no,1
69,66261.34,27,417,0.0,8611.91,0.0,7,1,female,bachelor,married,own,no,1
24,74079.34,2,397,12723.45,7222.91,0.1718,8,0,male,bachelor,married,rent,yes,1
25,86008.77,12,537,6837.26,6722.93,0.0795,12,0,male,high_school,single,rent,yes,1
35,86674.52,12,385,6997.3,2837.27,0.0807,15,0,female,bachelor,married,rent,no,1
55,86078.88,23,388,0.0,4077.48,0.0,10,3,female,high_school,married,rent,yes,1
65,89962.27,39,441,4985.33,8460.45,0.0554,16,4,female,master,married,own,no,1
60,74550.53,10,755,3912.13,6384.99,0.0525,3,2,female,bachelor,single,rent,yes,1
37,26320.05,7,454,8744.75,12378.04,0.3322,11,2,female,bachelor,divorced,rent,no,1
65,57118.79,30,835,0.0,4722.76,0.0,15,4,female,bachelor,married,own,yes,1
31,66906.25,24,711,9354.59,500.0,0.1398,8,4,female,master,single,rent,no,1
24,51571.22,14,353,9870.35,4722.85,0.1914,15,4,female,high_school,single,rent,no,1
40,80047.74,27,506,1161.63,6868.53,0.0145,17,4,female,bachelor,single,rent,yes,1
22,52075.29,19,330,4627.41,7237.53,0.0889,13,1,male,master,single,mortgage,yes,0
53,39633.57,35,399,2997.13,6134.69,0.0756,18,2,female,master,married,own,yes,1
69,91774.58,37,302,15353.3,3014.39,0.1673,13,4,female,bachelor,married,rent,no,1
23,74652.09,12,499,0.0,11139.3,0.0,6,4,male,bachelor,married,rent,no,1
24,64823.58,28,812,6596.73,3571.61,0.1018,5,3,female,master,divorced,rent,no,1
27,80387.6,20,836,0.0,8393.01,0.0,6,3,female,high_school,married,rent,no,1
27,83375.75,29,340,5978.3,4894.8,0.0717,16,2,male,high_school,married,rent,no,1
45,67502.79,14,476,14927.19,1705.58,0.2211,18,4,female,bachelor,single,rent,no,1
47,10000.0,13,674,4585.72,10857.91,0.4586,11,4,female,bachelor,single,rent,yes,1
67,45137.03,0,712,9968.72,500.0,0.2209,19,3,female,bachelor,married,rent,no,1
41,49955.26,33,467,3086.58,2921.6,0.0618,3,2,male,bachelor,married,rent,no,1
66,38347.58,20,568,22576.38,7423.01,0.5887,9,0,male,master,single,own,no,1
57,64370.9,15,409,15392.37,4658.61,0.2391,13,0,female,bachelor,single,own,no,1
62,86228.45,21,591,16890.34,8539.08,0.1959,3,0,female,high_school,single,mortgage,yes,1
27,49332.08,39,435,0.0,5561.17,0.0,12,0,female,master,single,own,no,1
41,35033.68,33,395,1292.45,4325.07,0.0369,5,1,female,high_school,married,rent,no,1
65,104616.77,35,679,16558.3,13484.47,0.1583,11,1,male,master,single,rent,no,1
57,50068.37,15,383,7639.42,5144.44,0.1526,6,1,female,bachelor,single,own,no,1
29,32874.77,26,309,7194.55,5362.76,0.2188,9,3,male,master,married,own,no,0
61,65228.9,20,558,11336.48,2124.27,0.1738,7,1,male,bachelor,single,own,no,1
57,69365.02,33,775,213.76,3299.09,0.0031,15,2,female,high_school,single,rent,no,1
25,44488.9,29,501,14410.07,8194.09,0.3239,19,3,male,bachelor,married,own,no,1
21,77389.98,21,612,9128.27,7895.57,0.118,14,3,female,bachelor,married,rent,no,1
31,49278.97,19,403,12354.68,5928.62,0.2507,6,0,female,high_school,divorced,rent,yes,1
42,39695.08,29,429,4305.7,3471.13,0.1085,11,0,male,high_school,single,mortgage,no,1
25,63929.0,20,391,12592.61,8328.28,0.197,1,2,male,high_school,single,own,no,1
19,76956.92,4,414,4065.83,500.0,0.0528,1,1,male,high_school,married,rent,no,1
23,46055.27,2,633,15680.66,4731.61,0.3405,11,0,female,high_school,single,mortgage,no,1
34,67273.76,39,660,16907.52,5045.66,0.2513,4,2,female,master,married,rent,no,1
38,57943.18,10,476,15383.2,2968.49,0.2655,19,0,female,master,single,rent,no,1
34,122137.54,32,646,12615.25,6467.94,0.1033,19,3,female,phd,married,rent,yes,1
41,44411.69,4,513,13436.71,3596.55,0.3025,3,2,male,bachelor,single,rent,no,1
55,90451.78,5,474,0.0,3123.66,0.0,8,2,female,bachelor,single,rent,no,1
30,58848.38,1,389,14844.19,12249.06,0.2522,10,2,female,high_school,married,rent,no,1
41,57211.24,9,483,7081.72,8536.18,0.1238,12,1,female,high_school,married,mortgage,yes,1
55,75876.63,39,475,9664.61,10143.25,0.1274,15,0,male,bachelor,married,rent,no,1
20,79667.79,22,554,7014.06,6125.49,0.088,2,1,male,bachelor,single,rent,yes,1
66,87874.34,0,762,0.0,9325.03,0.0,10,1,female,bachelor,married,own,no,1
69,67230.34,30,800,5229.57,8684.36,0.0778,11,3,female,bachelor,divorced,rent,no,1
33,46791.28,37,430,13609.74,10199.82,0.2909,0,4,male,master,single,mortgage,no,1
64,48171.79,5,596,18921.59,14245.65,0.3928,12,3,male,bachelor,single,mortgage,no,1
31,71212.37,22,365,4639.54,5163.26,0.0652,5,1,female,high_school,single,own,yes,1
65,72779.8,38,762,2672.2,6865.86,0.0367,15,1,male,bachelor,married,rent,no,1
52,90757.12,13,484,19162.34,5780.64,0.2111,11,4,female,master,single,own,no,1
30,69205.47,13,652,2822.01,500.0,0.0408,19,4,male,master,married,own,yes,1
21,83323.7,24,795,23515.45,1075.54,0.2822,3,4,male,master,single,own,no,1
38,93368.96,39,609,9354.54,6032.35,0.1002,9,0,female,bachelor,married,own,no,1
56,63625.61,37,800,2816.14,8186.11,0.0443,12,2,male,bachelor,single,rent,yes,1
29,27317.71,30,569,15890.36,3954.65,0.5817,6,1,female,high_school,married,rent,no,1
44,34055.9,11,820,20853.44,9946.88,0.6123,8,0,female,bachelor,single,own,no,1
24,28368.34,19,674,0.0,10468.23,0.0,3,2,male,bachelor,married,mortgage,no,1
40,95014.99,6,645,19912.73,4529.58,0.2096,11,4,female,master,married,own,no,1
19,41357.01,14,570,7030.16,10962.43,0.17,6,4,male,master,married,own,yes,1
69,87100.51,38,836,19404.31,12110.92,0.2228,12,1,female,high_school,single,own,no,1
44,72886.1,3,699,6336.75,7606.48,0.0869,8,2,female,high_school,single,own,no,1
61,97735.92,5,618,0.0,2547.54,0.0,10,4,male,bachelor,married,rent,yes,1
24,82068.06,3,400,12513.77,11124.34,0.1525,19,3,female,bachelor,single,rent,yes,1
26,57747.85,7,758,15486.05,5413.12,0.2682,18,1,female,high_school,single,rent,no,1
27,55599.33,25,477,23671.74,4666.38,0.4258,10,4,male,bachelor,married,mortgage,no,1
47,61873.69,14,350,21065.18,6397.12,0.3405,11,2,female,bachelor,divorced,own,no,1
62,63855.74,30,780,13866.69,4109.29,0.2172,13,1,female,master,married,own,no,1
49,48323.64,23,677,7336.05,9746.51,0.1518,8,3,male,high_school,single,own,no,1
43,59282.18,36,517,5355.44,8715.03,0.0903,14,0,female,bachelor,divorced,own,yes,1
66,95405.04,12,595,6935.89,10262.71,0.0727,0,0,female,high_school,single,rent,no,1
27,22552.96,14,763,3183.47,8031.26,0.1412,0,2,female,bachelor,single,own,yes,1
26,65686.74,1,452,7078.14,3218.67,0.1078,0,0,male,bachelor,married,rent,yes,1
52,40047.04,37,815,0.0,5441.29,0.0,4,2,male,bachelor,divorced,own,no,1
62,64114.82,33,362,10252.08,9063.83,0.1599,2,3,male,bachelor,married,own,no,1
31,78476.83,11,618,8797.45,4575.7,0.1121,10,0,female,master,married,rent,yes,1
31,58732.58,9,694,26961.12,16219.91,0.459,16,0,female,bachelor,married,rent,no,1
45,77005.71,37,356,14311.19,5151.94,0.1858,1,0,male,high_school,single,rent,no,1
58,25023.53,20,456,5638.46,3947.64,0.2253,11,0,male,master,married,mortgage,no,1
32,84353.76,36,716,12953.14,10021.16,0.1536,3,3,female,bachelor,married,own,yes,1
60,46731.16,12,636,419.64,8617.08,0.009,15,2,male,high_school,married,rent,no,1
44,73692.98,6,666,4781.16,5902.26,0.0649,15,4,female,high_school,married,rent,no,1
54,64013.86,23,667,0.0,5194.15,0.0,18,0,female,bachelor,married,own,no,1
50,10000.0,34,459,19053.82,7492.76,1.9054,13,4,female,bachelor,single,mortgage,no,0
42,43366.59,4,315,13153.38,8924.36,0.3033,13,3,female,bachelor,married,own,no,0
45,64851.18,28,774,770.91,8669.5,0.0119,2,1,female,high_school,single,own,no,1
69,94187.47,1,366,8576.59,4944.18,0.0911,1,3,female,bachelor,single,rent,no,1
38,66319.9,28,565,15648.38,7511.7,0.236,2,2,male,master,single,rent,no,1
67,65669.31,35,780,12465.76,8953.83,0.1898,17,0,female,bachelor,single,mortgage,no,1
59,28920.95,33,331,11675.94,8677.4,0.4037,16,4,male,high_school,single,mortgage,no,1
27,91485.23,24,693,2995.1,500.0,0.0327,8,0,female,master,single,own,no,1
63,99755.69,21,337,4539.28,2884.08,0.0455,9,4,female,master,single,own,no,1
37,60628.65,5,364,9666.07,3284.47,0.1594,1,4,female,high_school,married,own,no,1
27,55165.34,20,425,15441.79,5193.86,0.2799,6,1,male,bachelor,single,own,no,1
31,24380.91,37,498,3197.93,6626.8,0.1312,2,4,female,bachelor,married,rent,no,1
25,79433.06,14,635,1150.2,9225.02,0.0145,14,4,female,high_school,single,rent,no,1
35,119450.15,11,497,17008.21,8161.9,0.1424,4,0,female,bachelor,single,rent,no,1
23,75776.49,34,748,2487.81,5555.67,0.0328,13,3,female,bachelor,single,own,yes,1
46,87801.48,21,343,16540.13,6081.0,0.1884,17,1,female,bachelor,married,own,yes,1
68,71925.92,36,354,10701.38,12156.92,0.1488,19,0,male,high_school,married,rent,no,1
68,38329.65,1,429,15167.33,3855.33,0.3957,10,1,male,master,divorced,own,yes,1
66,89406.8,6,312,21210.66,7065.71,0.2372,2,2,female,bachelor,married,own,yes,1
30,32839.35,27,442,13820.64,11479.25,0.4209,13,2,female,high_school,married,rent,no,1
29,55365.37,30,642,14432.22,7210.73,0.2607,15,0,male,high_school,single,own,no,1
53,66134.74,38,670,2575.15,500.0,0.0389,16,3,male,bachelor,married,own,yes,1
68,79424.01,11,525,4133.7,7312.25,0.052,9,2,female,master,married,own,no,1
60,69151.68,10,474,13507.63,4644.26,0.1953,12,3,male,master,divorced,rent,yes,1
28,68510.36,7,542,19739.83,5604.15,0.2881,4,2,female,high_school,single,own,no,1
56,43247.26,29,608,18744.71,9678.55,0.4334,2,2,male,bachelor,divorced,rent,no,1
44,31633.83,7,751,25216.66,7643.37,0.7971,9,3,male,high_school,divorced,rent,no,1
41,61352.57,36,382,11176.24,5075.85,0.1822,9,0,male,master,divorced,rent,yes,1
43,44375.71,22,805,10419.49,9122.03,0.2348,0,1,female,master,married,mortgage,no,1
46,31228.72,26,512,16043.41,7523.47,0.5137,19,3,female,high_school,married,rent,no,1
65,32149.18,11,831,9132.4,6367.99,0.2841,2,3,male,high_school,divorced,own,no,1
59,49217.17,29,469,8562.72,7053.53,0.174,4,1,female,high_school,single,own,no,1
20,19243.27,9,728,1668.45,6885.9,0.0867,2,3,male,high_school,married,own,no,1
57,30355.69,6,555,15938.54,4811.67,0.5251,11,1,male,bachelor,single,rent,no,1
34,24026.99,3,301,1496.02,4393.15,0.0623,13,2,female,bachelor,single,own,no,0
35,64009.71,6,319,12585.82,6088.06,0.1966,15,4,male,high_school,married,rent,yes,0
49,68975.65,12,382,0.0,2660.15,0.0,14,3,female,high_school,married,own,no,1
69,104157.1,4,627,16674.36,1593.91,0.1601,0,3,male,bachelor,single,mortgage,yes,1
21,27054.34,30,623,1798.35,10553.19,0.0665,4,2,male,bachelor,married,rent,no,1
44,45048.87,14,390,14904.38,5161.08,0.3308,14,3,male,high_school,married,rent,no,1
30,80077.45,0,825,0.0,5915.99,0.0,6,3,female,bachelor,single,rent,no,1
65,55230.98,35,481,5921.29,5527.35,0.1072,14,0,female,bachelor,single,own,no,1
42,52806.05,19,344,17248.42,6081.92,0.3266,15,2,male,bachelor,single,own,no,1
62,97601.73,26,608,3362.58,6079.49,0.0345,3,1,male,bachelor,married,own,no,1
63,52555.06,24,583,9470.34,6227.94,0.1802,7,4,female,bachelor,divorced,rent,no,1
23,34563.71,31,363,5650.98,3182.69,0.1635,8,1,female,high_school,married,mortgage,no,1
57,31027.32,1,518,0.0,9262.08,0.0,6,0,female,master,single,own,yes,1
59,67385.28,14,649,11156.41,3577.67,0.1656,15,4,male,bachelor,married,own,no,1
61,66715.32,11,523,12025.81,9622.17,0.1803,18,4,female,high_school,single,rent,no,1
69,29822.55,22,500,1245.59,500.0,0.0418,2,4,male,bachelor,single,own,no,1
57,38321.28,36,447,13015.8,2284.66,0.3396,10,3,male,high_school,married,own,no,1
61,71763.68,0,517,3430.13,9472.43,0.0478,2,2,male,bachelor,single,rent,no,1
54,72699.87,39,448,1976.22,5481.47,0.0272,10,0,male,bachelor,single,own,yes,1
33,45849.11,18,405,9047.97,3651.43,0.1973,13,1,male,bachelor,single,own,no,1
62,73688.76,34,431,4230.1,7313.11,0.0574,12,3,male,bachelor,divorced,own,no,1
54,72580.8,38,365,25047.04,2340.66,0.3451,1,1,male,bachelor,married,own,yes,1
53,20772.2,6,356,0.0,6269.05,0.0,0,1,male,high_school,single,mortgage,no,1
68,53134.6,9,458,14169.08,500.0,0.2667,17,4,female,bachelor,single,mortgage,no,1
56,69132.76,30,604,15922.35,4416.74,0.2303,7,2,female,high_school,married,rent,no,1
35,47392.33,16,343,0.0,3725.54,0.0,12,1,female,bachelor,married,own,no,1
33,12943.5,18,545,0.0,7888.66,0.0,15,2,female,high_school,divorced,own,yes,1
35,53773.68,12,663,12936.74,9065.2,0.2406,0,4,female,high_school,married,rent,no,1
26,76546.05,6,692,5629.42,3009.08,0.0735,13,3,female,high_school,married,rent,no,1
22,94768.92,33,558,11684.94,11631.19,0.1233,17,2,male,bachelor,married,mortgage,yes,1
57,11802.78,19,651,16976.13,3927.88,1.4383,17,2,male,high_school,married,own,no,1
58,117493.07,0,607,6394.96,500.0,0.0544,15,3,male,bachelor,single,own,yes,1
26,35203.0,36,824,1552.24,500.0,0.0441,6,3,female,high_school,married,own,no,1
38,81053.36,4,766,0.0,11386.36,0.0,10,4,male,bachelor,single,rent,no,1
65,87152.36,35,486,10432.2,5693.62,0.1197,9,1,female,master,single,mortgage,no,1
61,81626.38,28,328,2499.69,3734.35,0.0306,2,2,female,master,single,own,no,1
49,63291.61,15,785,11193.7,3382.36,0.1769,4,0,male,high_school,single,own,no,1
68,34448.81,15,300,10621.36,2177.24,0.3083,12,3,female,master,single,own,no,1
35,73784.29,2,511,0.0,10732.82,0.0,3,3,female,bachelor,single,mortgage,no,1
61,44264.87,15,432,21067.13,5706.41,0.4759,6,0,female,bachelor,single,rent,yes,1
66,10000.0,36,663,16582.81,12265.73,1.6583,1,4,male,master,divorced,mortgage,no,1
48,122235.77,35,310,14937.9,5303.49,0.1222,16,3,male,high_school,single,own,no,1
26,75578.24,39,742,708.69,500.0,0.0094,3,0,female,bachelor,single,rent,no,1
33,99997.7,26,639,6147.99,8955.52,0.0615,13,4,female,master,married,mortgage,no,1
44,39944.3,20,518,5171.49,4711.32,0.1295,3,4,female,bachelor,married,own,no,1
32,92285.06,32,300,6096.68,5170.23,0.0661,5,0,male,master,divorced,mortgage,no,1
22,94977.12,9,545,1131.25,11485.46,0.0119,8,1,female,master,single,rent,no,1
26,94200.09,36,604,12042.53,5078.14,0.1278,12,3,male,phd,single,rent,no,1
68,59533.46,21,647,10604.63,10066.98,0.1781,8,3,male,bachelor,married,rent,no,1
37,33545.84,17,511,11557.61,5982.53,0.3445,10,2,male,high_school,married,rent,no,1
47,56099.12,27,360,5458.35,3368.07,0.0973,15,1,female,master,married,own,yes,1
40,11539.08,23,400,18037.13,7775.6,1.5631,9,4,female,high_school,divorced,mortgage,yes,0
59,22555.73,19,592,10314.19,3897.61,0.4573,15,3,male,high_school,divorced,mortgage,yes,1
23,62022.65,36,429,0.0,10299.03,0.0,18,1,male,bachelor,single,own,no,1
32,38189.23,14,352,4519.2,9359.6,0.1183,10,2,male,high_school,single,mortgage,no,1
48,56382.17,33,508,8600.99,6219.57,0.1525,13,0,female,high_school,divorced,rent,no,1
59,57602.01,9,423,15757.28,8134.64,0.2736,13,3,male,bachelor,single,rent,no,1
41,102476.0,16,517,6894.97,7976.11,0.0673,17,0,male,master,single,rent,no,1
54,88547.78,11,642,7249.4,5035.34,0.0819,9,1,female,high_school,married,mortgage,no,1
59,59012.8,7,391,4360.29,9133.01,0.0739,16,1,male,bachelor,single,own,no,1
51,86595.79,1,834,13658.87,5204.48,0.1577,6,1,female,bachelor,married,own,no,1
60,42846.31,22,371,5866.89,8156.72,0.1369,17,2,male,high_school,divorced,mortgage,no,1
67,52588.27,10,849,4775.85,2673.79,0.0908,10,3,female,bachelor,married,rent,no,1
29,80024.93,39,500,3804.91,6357.1,0.0475,1,0,female,master,single,rent,no,1
40,32683.47,38,443,12896.07,7456.32,0.3946,12,0,male,high_school,single,rent,yes,1
29,53862.42,12,689,5269.18,3240.41,0.0978,6,0,male,bachelor,single,mortgage,no,1
39,30941.39,0,380,0.0,4549.86,0.0,19,4,female,high_school,single,rent,yes,1
18,62584.39,29,642,13358.6,4141.34,0.2134,10,0,female,bachelor,married,rent,no,1
53,95915.35,29,585,4090.65,8557.27,0.0426,16,3,male,high_school,single,rent,no,1
30,43453.87,14,758,11499.02,3491.08,0.2646,8,4,female,master,single,own,no,1
61,64969.35,31,542,11616.5,7546.07,0.1788,1,4,female,bachelor,married,rent,no,1
55,40258.92,4,428,17425.25,11350.71,0.4328,11,2,female,master,married,rent,no,1
35,34709.92,16,508,16311.71,7263.97,0.4699,12,0,female,bachelor,married,own,no,1
41,32811.31,8,364,4974.79,500.0,0.1516,12,3,male,bachelor,single,own,no,1
52,92004.55,23,722,7835.31,6458.54,0.0852,1,3,male,high_school,single,own,no,1
39,111973.58,2,378,0.0,9663.1,0.0,0,2,male,high_school,married,rent,yes,1
28,70626.96,8,690,20741.33,5019.78,0.2937,12,1,female,bachelor,married,rent,yes,1
20,44241.55,6,510,12091.39,9905.06,0.2733,9,4,male,master,married,own,yes,1
46,75507.62,26,609,18760.93,8187.09,0.2485,16,0,male,bachelor,single,mortgage,no,1
45,52644.88,16,522,6767.03,7498.75,0.1285,4,2,male,master,divorced,own,no,1
57,77630.76,28,641,0.0,5111.39,0.0,13,2,female,master,single,own,no,1
24,66401.86,5,717,19721.99,4233.87,0.297,4,2,male,high_school,married,own,no,1
21,66153.49,29,620,9651.82,5131.92,0.1459,2,2,male,high_school,married,mortgage,no,1
56,73360.07,23,594,9932.3,6250.1,0.1354,11,2,female,master,divorced,own,no,1
55,47251.14,19,672,9388.24,7861.68,0.1987,8,2,female,bachelor,single,mortgage,no,1
59,51103.91,15,550,13512.72,7504.09,0.2644,8,1,female,bachelor,married,rent,no,1
18,22132.6,38,810,12731.93,4980.33,0.5753,3,2,male,bachelor,married,own,no,1
52,50278.87,25,354,0.0,6263.76,0.0,3,3,female,bachelor,married,rent,no,1
67,28708.68,34,820,16608.25,7393.43,0.5785,13,0,male,high_school,single,own,no,1
57,56817.01,10,433,5297.32,500.0,0.0932,7,4,female,high_school,married,rent,no,1
42,38932.12,22,838,5730.66,3350.39,0.1472,14,3,male,bachelor,single,rent,no,1
42,62227.16,27,628,21092.0,3243.99,0.339,8,3,male,high_school,divorced,rent,no,1
39,69971.26,27,772,15443.91,5327.87,0.2207,14,1,female,high_school,married,rent,yes,1
20,28757.3,17,318,6632.7,5078.37,0.2306,7,4,female,master,married,rent,no,1
55,42107.86,10,357,0.0,5141.44,0.0,7,1,male,bachelor,single,rent,no,1
45,39247.14,13,370,10131.46,2990.66,0.2581,5,4,female,bachelor,married,rent,yes,0
45,76422.86,37,548,12770.59,8401.03,0.1671,11,3,male,bachelor,single,rent,no,1
66,97539.96,10,313,8436.25,7019.99,0.0865,7,4,female,master,married,own,no,1
56,78733.81,25,729,277.73,500.0,0.0035,4,3,female,high_school,married,rent,no,1
67,52312.78,27,790,3465.18,6096.29,0.0662,0,4,female,bachelor,single,rent,yes,1
22,92230.14,35,461,213.45,2108.5,0.0023,18,3,female,bachelor,married,own,no,1
67,26689.63,16,451,10507.78,12009.57,0.3937,7,2,female,master,married,rent,no,1
47,92985.88,11,633,14735.92,4457.67,0.1585,18,4,male,high_school,single,rent,no,1
38,45563.29,2,777,16177.79,4674.89,0.3551,8,2,female,high_school,married,rent,yes,1
47,10000.0,39,330,3874.4,6347.56,0.3874,0,4,male,bachelor,married,own,no,0
19,118317.7,17,582,10645.18,5354.68,0.09,19,0,female,master,married,own,yes,1
66,94716.51,4,411,12878.49,5851.21,0.136,11,1,male,bachelor,married,own,no,1
50,37298.56,2,573,5421.96,11471.91,0.1454,19,2,female,bachelor,married,mortgage,no,1
20,63718.19,21,520,7960.45,6848.05,0.1249,14,4,male,high_school,married,rent,no,1
65,55281.01,18,517,23867.06,8979.96,0.4317,4,2,female,bachelor,married,own,no,1
41,62248.86,4,338,10435.86,10003.5,0.1676,4,2,female,bachelor,single,own,no,1
24,27367.7,35,792,15180.71,2647.49,0.5547,9,1,male,master,married,own,no,1
50,45007.13,7,533,5956.16,11971.54,0.1323,0,2,female,bachelor,divorced,rent,no,1
21,70295.15,15,796,9292.3,8468.66,0.1322,6,4,female,high_school,married,mortgage,no,1
46,64899.32,30,426,0.0,9410.43,0.0,0,1,female,high_school,divorced,own,no,1
57,86383.25,17,764,8824.51,3039.13,0.1022,11,4,male,bachelor,single,mortgage,no,1
21,61754.51,2,773,17345.95,8922.15,0.2809,14,1,female,phd,single,own,no,1
59,111682.88,26,726,23692.29,7508.89,0.2121,4,2,male,bachelor,single,own,no,1
48,44253.91,15,475,17376.49,4182.42,0.3927,0,2,female,bachelor,single,own,no,1
34,65705.31,29,669,13807.99,14052.84,0.2102,4,4,male,bachelor,single,own,no,1
29,17841.01,7,509,9370.75,8047.07,0.5252,7,0,male,bachelor,single,own,no,1
18,32431.07,24,832,4800.22,5225.89,0.148,6,0,female,master,divorced,rent,yes,1
28,89227.57,34,741,7878.1,6743.19,0.0883,15,3,male,bachelor,married,rent,no,1
32,39258.34,9,526,13289.85,9250.51,0.3385,13,2,male,high_school,divorced,rent,no,1
63,71674.85,3,607,3504.0,10021.04,0.0489,1,1,female,bachelor,married,own,no,1
44,58641.04,19,806,15531.88,8101.43,0.2649,8,4,female,high_school,married,rent,no,1
28,37019.92,13,327,2111.19,10326.43,0.057,14,3,female,bachelor,single,own,no,1
56,52338.52,24,414,0.0,11212.08,0.0,19,0,female,bachelor,single,own,no,1
41,48686.86,34,419,1915.31,1745.34,0.0393,8,3,female,master,married,mortgage,no,1
61,49277.95,37,312,0.0,4367.57,0.0,9,2,male,high_school,married,rent,no,1
57,76579.38,27,635,0.0,2779.43,0.0,7,3,female,bachelor,married,rent,no,1
66,74351.58,37,675,16924.93,6408.61,0.2276,18,0,male,high_school,married,rent,no,1
54,47296.63,28,409,7598.94,11119.94,0.1607,9,0,male,bachelor,married,own,no,1
23,40043.74,37,709,10530.06,8354.97,0.263,7,2,female,bachelor,single,rent,no,1
46,66211.42,39,436,17106.79,2409.36,0.2584,7,2,female,bachelor,married,rent,no,1
40,57799.66,7,784,17813.71,5041.8,0.3082,10,3,male,bachelor,married,rent,no,1
59,82622.21,0,642,5467.83,9669.66,0.0662,17,1,male,bachelor,single,rent,no,1
26,118416.46,0,560,18299.95,4209.76,0.1545,9,0,male,master,married,mortgage,yes,1
42,78544.34,26,572,11692.18,5731.53,0.1489,13,3,female,bachelor,single,mortgage,no,1
60,59235.93,14,400,9023.29,7135.57,0.1523,6,4,male,bachelor,married,mortgage,no,1
50,56215.03,29,448,12094.69,500.0,0.2152,7,3,male,high_school,married,own,no,1
19,41152.73,34,480,0.0,8798.57,0.0,6,0,male,bachelor,divorced,own,no,1
60,40053.2,29,607,3497.29,7268.1,0.0873,2,2,female,high_school,single,own,yes,1
37,37924.86,16,562,8243.0,8059.84,0.2174,2,4,female,master,married,mortgage,no,1
53,51302.63,28,648,13267.95,2644.69,0.2586,10,3,female,high_school,single,rent,no,1
51,50602.84,27,734,6395.78,3382.02,0.1264,12,1,female,master,married,rent,no,1
51,76362.08,2,321,8108.77,3981.08,0.1062,19,0,male,high_school,single,mortgage,yes,1
39,51222.02,1,755,15786.04,6946.98,0.3082,5,2,male,bachelor,married,rent,no,1
39,55656.11,3,450,18881.91,6316.22,0.3393,17,4,male,bachelor,divorced,own,no,1
23,33197.97,21,362,14369.93,6517.36,0.4329,9,1,female,bachelor,married,rent,no,0
47,96180.66,30,469,17878.95,12341.01,0.1859,1,4,male,bachelor,married,mortgage,yes,1
33,71153.7,33,721,6169.48,10639.19,0.0867,17,2,female,high_school,married,mortgage,yes,1
38,99355.21,24,783,6854.95,3553.42,0.069,7,4,female,bachelor,married,own,no,1
26,77531.49,37,716,11228.48,3782.74,0.1448,19,1,female,high_school,single,mortgage,no,1
56,92771.99,10,328,6892.49,12075.05,0.0743,9,4,female,high_school,married,rent,no,1
65,54533.27,9,356,5450.09,4960.6,0.0999,17,1,male,master,single,own,no,1
37,75777.54,0,490,20565.01,10895.94,0.2714,8,2,female,bachelor,single,rent,no,1
40,119521.14,5,305,7591.73,11665.18,0.0635,14,0,male,master,married,mortgage,no,1
42,33082.24,21,407,2237.9,4171.78,0.0676,2,4,female,master,single,mortgage,yes,1
21,85877.92,30,442,12411.78,5126.8,0.1445,3,2,male,bachelor,single,own,yes,1
57,97354.77,3,682,21850.56,6359.91,0.2244,3,2,male,high_school,married,rent,no,1
63,69264.81,33,634,9565.66,3046.84,0.1381,10,0,female,high_school,married,own,no,1
44,76834.67,29,746,17619.61,2647.48,0.2293,10,1,female,high_school,single,rent,yes,1
21,88151.96,5,315,5935.07,4665.83,0.0673,3,2,male,bachelor,married,own,no,1
35,45253.51,13,331,5560.8,9054.44,0.1229,14,2,female,master,single,rent,no,1
26,69183.06,25,697,4171.25,4502.37,0.0603,15,0,male,high_school,single,own,yes,1
60,40463.89,32,774,7996.13,5347.87,0.1976,14,4,male,bachelor,single,own,no,1
59,44792.57,32,652,21854.43,4441.66,0.4879,10,2,female,master,single,own,yes,1
37,46105.62,3,682,911.53,1293.07,0.0198,13,3,female,bachelor,married,mortgage,no,1
37,56782.1,2,834,20460.67,11265.32,0.3603,17,0,female,bachelor,married,own,no,1
61,63295.06,19,419,1940.87,500.0,0.0307,13,4,female,master,single,rent,no,1
22,70186.73,9,706,7363.32,3780.74,0.1049,12,0,male,bachelor,divorced,own,no,1
58,28080.01,3,803,14850.54,8025.54,0.5289,0,0,female,high_school,single,rent,yes,1
68,104589.06,18,798,13411.86,1184.55,0.1282,7,2,male,bachelor,single,mortgage,no,1
41,86037.64,31,461,10974.21,8186.61,0.1276,4,4,female,high_school,divorced,own,yes,1
57,76358.38,21,318,0.0,10453.15,0.0,6,4,male,bachelor,married,rent,no,1
55,51936.33,22,733,11535.64,3060.87,0.2221,6,4,male,bachelor,divorced,own,no,1
64,57991.25,24,373,1843.45,6799.79,0.0318,16,2,female,high_school,married,own,no,1
19,72345.66,9,341,26982.36,2182.71,0.373,5,2,male,bachelor,married,mortgage,no,1
54,69271.68,26,624,7506.0,7843.51,0.1084,5,2,male,bachelor,single,own,no,1
38,22136.63,38,550,10321.04,6378.03,0.4662,7,4,male,bachelor,divorced,rent,yes,1
62,76704.14,3,700,973.09,6822.89,0.0127,4,4,female,high_school,single,mortgage,no,1
62,125741.45,27,578,5647.84,10849.93,0.0449,7,0,female,high_school,divorced,rent,no,1
32,18347.62,16,402,0.0,7717.31,0.0,19,2,male,bachelor,single,own,yes,1
48,82432.91,13,793,15870.73,10778.97,0.1925,6,1,male,bachelor,married,rent,no,1
43,68327.04,5,541,7166.19,8287.54,0.1049,4,3,male,bachelor,married,rent,no,1
47,57482.87,34,760,12938.63,1869.23,0.2251,0,0,male,high_school,married,own,no,1
61,90954.35,17,651,4207.89,6982.83,0.0463,19,2,female,high_school,single,mortgage,no,1
52,33300.88,15,600,5492.0,7781.09,0.1649,17,3,male,high_school,divorced,own,no,1
57,63676.09,38,449,18017.26,1008.19,0.283,5,4,male,bachelor,married,own,no,1
53,93043.0,37,328,2198.15,10735.1,0.0236,19,4,male,bachelor,single,rent,no,1
31,55553.83,3,335,0.0,6305.87,0.0,8,3,male,high_school,married,rent,no,1
48,50556.21,11,536,11843.68,7356.02,0.2343,12,4,male,high_school,single,own,no,1
37,62595.5,11,559,1010.67,2929.93,0.0161,17,0,female,bachelor,married,rent,no,1
39,49951.38,39,506,5923.74,6321.69,0.1186,5,0,male,bachelor,married,own,no,1
23,94961.71,1,767,15381.08,7117.12,0.162,17,2,female,bachelor,single,mortgage,yes,1
27,39499.35,2,847,3269.83,4925.71,0.0828,9,3,male,high_school,single,rent,no,1
35,79732.49,33,349,15149.15,6349.8,0.19,0,0,male,bachelor,single,rent,no,1
33,31692.96,29,674,4231.42,500.0,0.1335,18,2,male,bachelor,married,own,no,1
51,75126.59,16,703,19434.75,10834.23,0.2587,2,4,female,phd,married,mortgage,no,1
33,57628.41,11,522,18275.72,2167.39,0.3171,11,1,female,bachelor,divorced,own,no,1
30,10000.0,0,514,5700.23,500.0,0.57,10,1,male,high_school,single,rent,no,1
40,59864.85,16,500,7507.4,2705.27,0.1254,13,4,male,bachelor,single,rent,yes,1
47,35870.76,22,523,3176.45,3144.3,0.0886,14,3,female,high_school,married,rent,yes,1
69,49950.81,25,722,10400.01,7969.08,0.2082,14,2,female,bachelor,married,own,no,1
44,94794.14,13,792,17044.19,2867.55,0.1798,13,0,female,high_school,married,rent,no,1
36,34731.22,1,352,0.0,7060.47,0.0,19,0,female,bachelor,married,rent,no,1
34,36021.09,10,375,15422.14,2706.95,0.4281,18,2,female,high_school,single,own,no,1
41,92579.42,8,749,0.0,13789.56,0.0,13,1,male,master,married,own,no,1
66,62622.33,38,371,2981.96,7973.23,0.0476,2,0,female,high_school,married,own,no,1
37,94864.08,4,668,0.0,12911.06,0.0,2,3,male,master,single,own,no,1
30,67317.36,32,336,23734.62,2513.01,0.3526,15,4,female,master,married,rent,yes,1
48,40044.58,29,539,9410.91,8386.45,0.235,10,4,male,bachelor,married,mortgage,no,1
58,58500.32,18,320,10713.27,2716.28,0.1831,15,1,male,bachelor,divorced,own,no,1
67,87810.83,8,690,4267.19,8087.12,0.0486,18,0,male,bachelor,single,mortgage,no,1
32,81285.11,3,609,16468.77,8434.93,0.2026,16,1,female,bachelor,single,own,no,1
64,60020.05,19,518,0.0,500.0,0.0,2,2,female,high_school,single,mortgage,no,1
62,61103.16,31,681,9186.66,2082.39,0.1503,8,3,female,bachelor,single,own,no,1
37,57454.59,13,378,24447.07,1977.28,0.4255,1,0,male,high_school,married,own,yes,1
35,46917.32,31,649,6325.62,795.72,0.1348,5,2,female,bachelor,single,mortgage,no,1
31,103689.35,9,529,9120.03,3498.97,0.088,1,4,male,high_school,divorced,mortgage,no,1
34,60162.65,11,530,13705.63,2695.76,0.2278,17,2,male,master,single,mortgage,no,1
63,34416.0,37,328,3319.85,997.35,0.0965,1,0,female,bachelor,married,rent,no,1
34,49210.81,23,763,9159.92,6396.65,0.1861,2,0,female,high_school,single,own,no,1
43,76430.04,20,347,15726.97,7962.89,0.2058,3,4,male,high_school,married,mortgage,no,1
66,74510.31,22,470,10360.74,1450.84,0.1391,1,3,female,high_school,single,rent,no,1
53,56898.02,26,541,11596.91,4101.65,0.2038,15,2,female,high_school,single,mortgage,no,1
24,44880.35,22,696,6553.96,6077.85,0.146,8,2,female,high_school,single,own,no,1
21,60540.81,28,753,11209.21,5237.68,0.1852,11,3,male,bachelor,single,mortgage,yes,1
29,22144.87,9,354,9390.36,3595.61,0.424,18,2,male,high_school,single,rent,no,1
63,30554.25,32,412,19185.45,8882.94,0.6279,14,3,male,master,married,rent,no,1
29,78070.79,0,506,14070.76,9010.35,0.1802,8,2,female,master,divorced,own,yes,1
34,49159.09,10,575,7294.23,8424.04,0.1484,11,2,female,master,married,rent,no,1
46,68480.65,12,372,0.0,5314.96,0.0,12,1,male,high_school,single,own,no,1
43,87557.04,3,838,14010.06,12995.8,0.16,7,2,male,bachelor,married,own,no,1
21,74694.07,32,456,14286.86,12134.46,0.1913,10,0,female,bachelor,married,rent,yes,1
28,60466.17,18,755,2581.64,4635.1,0.0427,15,1,female,master,married,own,no,1
69,108135.6,28,724,0.0,5620.51,0.0,17,0,female,high_school,married,own,no,1
39,75102.97,6,796,1007.35,10199.77,0.0134,3,1,female,bachelor,single,rent,no,1
32,51981.87,39,796,15483.32,3241.66,0.2979,13,1,female,bachelor,single,rent,no,1
61,76559.33,0,671,1546.53,7434.02,0.0202,7,0,female,high_school,single,own,no,1
42,69225.62,25,470,5783.32,6199.99,0.0835,14,4,female,bachelor,single,rent,no,1
61,40640.31,36,623,10542.76,3576.32,0.2594,8,1,female,bachelor,single,own,no,1
26,61650.33,34,399,17570.58,5226.59,0.285,2,3,female,master,divorced,rent,no,1
42,56268.27,25,620,8872.9,535.67,0.1577,13,3,male,master,single,own,no,1
60,15525.85,39,415,8297.29,4135.13,0.5344,16,0,female,high_school,married,own,yes,0
57,56100.47,16,630,5158.05,500.0,0.0919,15,2,male,bachelor,single,rent,no,1
53,53596.78,14,706,20414.57,14014.73,0.3809,1,3,female,high_school,married,rent,no,1
41,50085.93,5,555,16461.65,11303.73,0.3287,11,2,male,bachelor,married,rent,no,1
60,22795.87,27,726,8334.14,10333.12,0.3656,1,3,male,high_school,single,rent,no,1
37,51977.7,30,498,0.0,7088.98,0.0,12,2,male,bachelor,single,rent,yes,1
52,59102.35,2,592,3467.97,9525.94,0.0587,2,4,female,bachelor,married,own,no,1
46,62305.5,21,431,13056.37,10482.65,0.2096,5,4,male,bachelor,single,own,yes,1
33,34318.09,24,499,3949.66,9584.72,0.1151,10,3,female,bachelor,single,own,no,1
28,74304.99,6,335,15245.91,9242.06,0.2052,11,4,female,master,single,rent,yes,0
45,32507.23,20,815,11530.21,2834.08,0.3547,17,1,female,high_school,single,rent,yes,1
34,54939.09,39,503,11048.56,7525.76,0.2011,16,1,female,high_school,married,mortgage,no,1
44,89516.49,31,672,13574.11,4153.49,0.1516,2,4,female,bachelor,married,mortgage,no,1
54,44341.34,38,723,12490.11,1891.37,0.2817,8,2,female,high_school,married,rent,yes,1
59,48449.96,21,617,3013.76,2027.34,0.0622,19,4,female,master,single,rent,no,1
58,84273.77,37,603,6719.19,7518.34,0.0797,15,4,female,high_school,married,own,no,1
44,51316.3,38,741,25378.71,9705.7,0.4946,14,2,female,bachelor,married,rent,no,1
20,53284.36,33,390,545.0,1231.77,0.0102,10,1,female,high_school,single,own,no,1
27,65001.89,17,350,5678.19,12127.38,0.0874,11,1,male,master,single,mortgage,no,1
56,83725.22,21,747,16459.89,11159.43,0.1966,10,3,female,high_school,married,own,yes,1
48,10178.23,18,782,7885.18,4684.15,0.7747,18,0,female,bachelor,married,rent,no,1
60,41274.23,12,322,3315.15,4394.37,0.0803,12,3,male,bachelor,single,own,yes,0
43,37231.9,22,595,0.0,5758.49,0.0,6,1,male,high_school,married,own,no,1
41,35482.9,26,812,12752.2,9447.69,0.3594,2,3,male,bachelor,single,rent,no,1
30,40688.76,33,546,16139.25,4671.49,0.3967,18,1,female,bachelor,married,own,no,1
21,41045.94,6,658,18799.25,2138.9,0.458,4,2,male,bachelor,single,own,yes,1
25,66802.75,20,502,9376.52,7212.24,0.1404,0,4,female,master,divorced,own,no,1
53,39933.19,24,605,16314.91,500.0,0.4086,3,3,female,master,married,mortgage,yes,1
48,62762.85,24,484,1769.41,6500.15,0.0282,9,0,female,bachelor,married,mortgage,no,1
30,69051.25,2,526,10176.15,10062.8,0.1474,10,1,male,high_school,divorced,own,no,1
36,43542.83,29,737,4258.29,7074.62,0.0978,5,2,female,high_school,married,mortgage,yes,1
51,62945.28,0,753,10216.87,8735.31,0.1623,13,4,male,high_school,married,own,no,1
37,96905.42,25,418,14255.0,7731.36,0.1471,0,2,male,high_school,married,own,yes,1
37,67261.19,28,303,16488.08,8550.22,0.2451,14,2,male,bachelor,married,rent,no,1
32,45634.45,12,825,2070.66,6509.95,0.0454,10,1,male,high_school,divorced,own,yes,1
51,58536.55,13,308,17872.41,3098.05,0.3053,4,1,male,high_school,married,mortgage,yes,0
64,39365.28,11,588,5679.3,5214.8,0.1443,14,2,female,bachelor,single,mortgage,no,1
31,66097.0,27,586,1819.87,5743.58,0.0275,6,3,female,high_school,single,own,no,1
33,79413.88,8,646,7805.77,10406.01,0.0983,16,3,male,high_school,divorced,rent,no,1
42,41565.23,31,463,0.0,11691.5,0.0,2,3,male,high_school,married,rent,no,1
27,55293.24,11,372,9032.05,7472.14,0.1633,0,1,female,bachelor,married,mortgage,no,1
45,85020.52,33,520,11027.93,3365.36,0.1297,13,4,female,high_school,married,mortgage,no,1
64,48813.31,38,833,7597.41,3446.11,0.1556,0,3,male,high_school,divorced,own,yes,1
50,64226.26,24,595,12753.15,5343.74,0.1986,8,3,female,master,single,mortgage,no,1
26,36985.12,0,547,6797.23,10860.79,0.1838,12,4,female,bachelor,single,rent,yes,1
28,41590.71,33,324,9028.36,7171.01,0.2171,5,2,female,bachelor,single,rent,no,0
21,48483.81,30,810,0.0,5806.33,0.0,5,4,female,high_school,divorced,rent,no,1
68,107879.04,26,840,9298.71,3322.46,0.0862,4,1,female,master,married,mortgage,yes,1
35,51000.9,36,328,3042.75,9088.33,0.0597,0,4,female,master,married,own,no,1
33,48340.91,37,672,5851.55,7012.8,0.121,18,2,male,bachelor,single,own,no,1
62,47609.74,17,723,8344.25,5822.28,0.1753,13,3,female,high_school,single,own,yes,1
33,56356.75,35,354,10336.84,6361.98,0.1834,9,1,male,bachelor,single,own,no,1
30,74430.46,20,500,0.0,11902.81,0.0,3,3,female,high_school,single,mortgage,no,1
31,64168.79,1,706,0.0,5438.68,0.0,19,3,male,bachelor,single,mortgage,no,1
38,105271.92,20,776,6886.17,11909.61,0.0654,3,0,male,master,married,own,no,1
21,64703.48,10,593,12320.7,10348.0,0.1904,6,4,male,master,single,own,no,1
51,91842.89,29,462,11521.69,6183.19,0.1254,8,3,male,master,divorced,rent,yes,1
39,66087.64,15,677,15249.46,9093.56,0.2307,4,2,female,bachelor,divorced,own,no,1
68,73322.79,29,484,18107.54,5566.77,0.247,12,3,female,high_school,married,own,no,1
58,28240.8,10,705,12475.03,3100.68,0.4417,14,1,male,high_school,single,mortgage,no,1
37,57204.69,33,308,8860.96,5062.34,0.1549,0,3,female,high_school,single,own,no,1
54,58483.15,7,845,1779.8,2824.67,0.0304,18,0,female,bachelor,single,mortgage,no,1
59,54654.95,8,445,2377.53,7790.07,0.0435,7,1,male,bachelor,married,rent,no,1
28,12636.67,34,365,5729.81,6051.55,0.4534,3,4,male,master,single,own,no,0
26,79373.74,29,364,10872.41,7987.41,0.137,0,4,female,high_school,divorced,own,no,1
25,51482.69,1,847,10545.15,8893.4,0.2048,17,1,female,bachelor,single,own,no,1
20,50362.43,17,814,9029.71,500.0,0.1793,7,3,female,high_school,married,mortgage,yes,1
34,54386.23,7,562,7930.94,7090.24,0.1458,11,3,male,master,single,rent,no,1
59,54982.26,35,721,13413.47,500.0,0.244,1,3,female,bachelor,married,own,no,1
57,68956.17,30,410,10458.33,6583.21,0.1517,18,4,female,high_school,single,rent,yes,1
37,32037.29,30,813,11084.93,2929.14,0.346,17,1,male,bachelor,married,own,no,1
43,39517.07,8,505,11159.06,6364.83,0.2824,18,4,male,bachelor,single,mortgage,no,1
57,66393.93,28,626,5175.95,10779.08,0.078,14,2,female,master,single,own,no,1
66,63202.82,10,500,1784.14,500.0,0.0282,8,2,male,high_school,single,rent,no,1
32,51713.59,24,357,12437.89,6667.3,0.2405,5,2,female,bachelor,single,own,no,0
52,47373.93,38,792,11917.09,5725.51,0.2516,18,4,male,bachelor,married,own,no,1
48,41642.66,31,723,7459.82,500.0,0.1791,9,4,female,high_school,married,rent,yes,1
50,58716.19,30,588,6089.81,8267.93,0.1037,3,2,male,high_school,married,rent,yes,1
59,85976.11,6,849,24948.97,6119.78,0.2902,10,0,male,high_school,married,mortgage,no,1
57,36722.88,17,336,3685.54,4219.42,0.1004,8,4,female,bachelor,married,own,yes,0
38,93513.0,22,536,7477.19,3473.77,0.08,2,0,male,bachelor,married,rent,no,1
57,78567.59,5,693,10858.57,17243.93,0.1382,8,3,female,bachelor,single,own,yes,1
20,50034.8,25,488,920.39,4621.46,0.0184,0,1,female,master,married,rent,no,1
35,77227.65,10,573,9820.65,500.0,0.1272,4,0,male,high_school,single,own,no,1
29,27750.12,39,397,21584.24,2741.86,0.7778,17,4,male,master,single,mortgage,no,1
31,21905.35,39,748,15537.08,4716.85,0.7093,9,4,female,bachelor,single,rent,yes,1
64,31624.79,20,443,13425.4,4654.61,0.4245,5,1,male,bachelor,single,rent,no,1
40,50985.58,31,325,13147.0,5724.01,0.2579,15,0,female,high_school,married,own,no,1
21,52840.98,38,394,9783.75,2335.56,0.1852,13,3,female,bachelor,single,own,no,1
43,48666.87,2,775,15708.75,7895.39,0.3228,2,4,male,bachelor,single,mortgage,yes,1
21,62187.3,7,578,7908.97,4306.79,0.1272,0,1,female,high_school,single,rent,no,1
25,13026.61,28,791,6040.35,1237.46,0.4637,9,0,male,master,divorced,own,no,1
37,70897.69,7,585,9714.3,3145.45,0.137,9,0,male,high_school,single,mortgage,no,1
40,28775.39,15,304,15339.88,4653.67,0.5331,10,3,female,bachelor,single,own,no,0
30,45461.29,35,741,11312.98,8970.18,0.2488,12,4,female,high_school,single,own,yes,1
51,50917.29,28,562,13721.77,7695.84,0.2695,3,0,male,bachelor,single,own,yes,1
43,34563.37,18,361,0.0,4816.94,0.0,12,0,female,high_school,single,rent,no,1
25,29838.01,11,366,17351.4,6068.94,0.5815,12,2,female,bachelor,married,rent,yes,0
60,37866.2,16,341,25384.21,6753.02,0.6704,6,2,male,bachelor,divorced,own,no,1
25,59737.68,5,591,18344.33,13135.54,0.3071,5,1,female,bachelor,single,rent,no,1
36,72979.61,33,672,6776.66,3838.32,0.0929,16,0,male,master,married,own,no,1
27,72413.17,0,349,3060.9,7634.74,0.0423,11,4,female,bachelor,single,rent,no,0
67,38121.2,5,617,10942.25,8542.29,0.287,14,4,female,bachelor,married,rent,yes,1
32,42585.3,11,787,2091.17,2664.31,0.0491,11,1,female,bachelor,married,rent,no,1
63,39746.73,15,798,14079.7,6662.28,0.3542,9,1,female,master,single,mortgage,no,1
68,69895.87,34,401,5322.13,6572.02,0.0761,14,3,male,high_school,divorced,rent,no,1
29,15176.76,29,447,15724.65,4355.69,1.0361,1,2,female,master,single,rent,yes,1
19,87243.46,35,667,18534.95,7986.54,0.2125,18,4,female,high_school,married,rent,no,1
18,49334.29,27,717,0.0,9599.72,0.0,14,4,male,master,divorced,rent,no,1
27,42762.45,27,659,11049.45,9955.8,0.2584,18,0,male,high_school,divorced,mortgage,no,1
38,67467.98,8,627,4112.03,5328.65,0.0609,3,1,male,bachelor,single,mortgage,yes,1
26,82717.62,29,476,0.0,6664.57,0.0,10,3,male,high_school,married,own,no,1
67,67536.83,17,809,4678.6,14227.31,0.0693,10,0,male,bachelor,married,own,no,1
42,83160.38,7,417,7467.46,2137.27,0.0898,5,0,female,high_school,married,rent,no,1
62,62955.89,33,658,16235.81,6776.54,0.2579,13,1,female,high_school,divorced,mortgage,no,1
18,87052.05,14,803,0.0,9114.91,0.0,4,3,female,master,single,own,no,1
24,87393.52,38,652,16355.69,6525.42,0.1871,12,4,female,bachelor,divorced,own,no,1
41,57811.47,35,321,23126.44,8295.9,0.4,15,4,female,master,married,mortgage,yes,0
26,91662.53,32,407,13182.09,6604.4,0.1438,17,1,male,bachelor,married,rent,no,1
26,63624.14,39,439,12821.59,8637.8,0.2015,15,0,female,high_school,married,rent,no,1
19,61911.65,11,815,8906.04,10488.97,0.1439,9,0,male,high_school,single,own,no,1
32,39727.58,17,479,774.72,5225.07,0.0195,15,4,female,bachelor,single,own,no,1
57,53646.84,7,427,12743.79,6691.27,0.2375,11,3,male,master,single,own,yes,1
59,77106.82,31,621,11688.19,5806.72,0.1516,16,2,male,high_school,married,own,no,1
44,31121.77,15,545,14121.15,4587.3,0.4537,13,2,female,master,single,mortgage,no,1
27,74291.73,37,503,26981.88,5931.28,0.3632,11,1,female,high_school,single,rent,no,1
41,67669.55,6,374,14094.47,2039.24,0.2083,12,3,male,bachelor,married,rent,no,1
50,66106.35,39,361,11979.98,8605.81,0.1812,17,4,female,bachelor,single,rent,yes,1
25,11457.17,7,462,19933.52,11958.57,1.7398,19,3,female,bachelor,divorced,rent,yes,0
39,57728.66,11,613,0.0,11965.79,0.0,13,1,female,bachelor,single,own,yes,1
60,74261.72,38,313,1001.08,10465.49,0.0135,0,1,male,high_school,married,rent,yes,1
39,43214.99,26,698,6373.55,2625.56,0.1475,12,1,female,bachelor,married,rent,no,1
42,61986.75,18,441,4415.5,11319.2,0.0712,11,3,male,bachelor,married,mortgage,no,1
60,10000.0,15,687,13857.53,3496.06,1.3858,16,1,female,high_school,divorced,rent,no,1
52,74770.65,11,660,6777.91,5814.29,0.0906,16,2,female,high_school,married,own,no,1
26,45426.48,18,569,21179.54,12461.6,0.4662,13,4,male,bachelor,married,mortgage,no,1
49,79169.85,8,649,19643.13,2248.32,0.2481,4,4,male,high_school,married,own,no,1
66,19458.7,18,468,14390.5,8944.55,0.7395,15,4,male,high_school,single,own,no,1
29,75229.88,22,406,6298.06,6984.44,0.0837,2,0,female,high_school,single,rent,yes,1
64,54787.34,11,305,13318.65,5467.68,0.2431,18,2,female,high_school,single,mortgage,yes,1
48,77767.28,14,603,14677.42,2933.86,0.1887,5,1,male,master,married,mortgage,no,1
52,39634.38,0,593,1534.0,7478.76,0.0387,7,2,male,high_school,divorced,rent,yes,1
35,46393.95,35,364,11441.46,4376.73,0.2466,11,2,male,bachelor,married,own,no,1
20,109333.93,30,645,13942.8,9658.4,0.1275,15,2,male,high_school,single,own,yes,1
19,41741.05,39,427,10515.25,10285.01,0.2519,1,2,female,bachelor,single,rent,no,1
52,44467.4,27,542,19997.77,1172.43,0.4497,5,4,male,master,single,rent,yes,1
69,53915.2,39,559,17499.14,4231.58,0.3246,8,3,male,bachelor,single,own,yes,1
49,37503.71,33,827,3220.92,4883.22,0.0859,9,0,male,bachelor,married,rent,no,1
36,86190.05,7,641,9871.38,1864.01,0.1145,9,1,male,bachelor,married,mortgage,no,1
58,97950.29,6,411,3151.32,2087.34,0.0322,17,3,male,bachelor,divorced,own,no,1
67,44509.67,26,471,13056.89,6310.34,0.2933,11,3,male,master,single,rent,no,1
29,22027.29,9,747,2929.96,5271.81,0.133,19,4,female,high_school,married,rent,no,1
23,85783.5,29,369,15463.18,500.0,0.1803,15,2,male,bachelor,single,rent,no,1
67,84384.59,23,695,11717.02,4116.56,0.1389,18,2,female,bachelor,single,own,no,1
20,78076.5,39,523,15795.84,7816.17,0.2023,12,4,female,high_school,married,mortgage,no,1
64,85443.25,37,794,7984.41,1778.13,0.0934,15,2,female,bachelor,single,own,no,1
25,40914.44,33,525,0.0,2767.39,0.0,11,0,male,high_school,single,rent,yes,1
23,56293.08,18,808,21360.85,11556.86,0.3795,16,4,male,bachelor,single,own,no,1
32,29549.59,27,390,7792.02,10610.26,0.2637,5,2,male,high_school,married,own,no,1
34,28800.42,8,430,18636.83,500.0,0.6471,17,2,male,high_school,divorced,mortgage,yes,1
35,81584.23,36,541,12011.28,1271.6,0.1472,8,3,male,high_school,single,own,no,1
19,45217.91,23,806,13717.39,7320.38,0.3034,12,1,male,bachelor,single,mortgage,no,1
62,110150.58,24,786,21808.24,1829.75,0.198,4,4,male,bachelor,married,mortgage,yes,1
61,61631.96,38,521,11381.65,5115.25,0.1847,4,4,male,phd,married,rent,yes,1
53,45910.65,18,770,18801.62,4420.51,0.4095,6,0,male,bachelor,single,rent,yes,1
65,77553.47,34,673,0.0,7960.55,0.0,0,2,male,master,single,own,no,1
66,99627.77,29,839,15097.7,500.0,0.1515,16,0,male,bachelor,single,rent,no,1
69,70694.88,35,824,7306.79,500.0,0.1034,15,3,male,high_school,married,rent,no,1
37,33222.81,5,751,8061.53,1708.33,0.2427,10,2,male,high_school,married,rent,no,1
49,68162.06,16,627,9061.01,9548.57,0.1329,15,1,male,bachelor,single,mortgage,no,1
57,90263.16,24,505,11425.69,5459.84,0.1266,13,0,female,high_school,divorced,rent,no,1
52,49148.7,10,620,20600.12,500.0,0.4191,14,3,female,bachelor,single,own,no,1
59,42979.88,14,752,0.0,7725.46,0.0,6,0,female,bachelor,married,rent,no,1
53,82361.85,34,338,9308.28,8476.88,0.113,11,1,male,bachelor,single,rent,no,1
38,63079.29,35,504,3984.59,5139.48,0.0632,0,2,female,high_school,single,rent,no,1
47,35744.07,31,628,17160.7,4843.07,0.4801,13,3,female,bachelor,single,own,no,1
28,51645.57,9,717,6038.36,7531.73,0.1169,2,1,female,master,single,own,yes,1
67,43375.43,34,432,12197.39,10233.14,0.2812,14,2,male,bachelor,single,own,no,1
64,66517.91,3,455,6217.47,6533.53,0.0935,14,3,male,high_school,married,mortgage,no,1
49,62413.06,15,513,13676.41,7865.84,0.2191,10,4,male,bachelor,married,mortgage,no,1
57,85309.83,3,716,16103.62,5831.2,0.1888,5,4,male,bachelor,single,mortgage,no,1
35,75612.63,11,507,6218.2,4665.5,0.0822,13,2,male,master,married,rent,no,1
37,25602.25,31,351,9343.53,2794.25,0.3649,5,0,male,bachelor,single,rent,no,1
44,68953.79,9,835,0.0,6897.06,0.0,4,4,female,master,married,own,no,1
31,79732.51,19,505,11137.8,4949.31,0.1397,13,3,female,high_school,single,own,no,1
18,70029.34,34,650,14993.88,5147.28,0.2141,10,2,male,bachelor,married,mortgage,no,1
38,82661.31,10,514,5112.16,9254.01,0.0618,3,3,female,bachelor,single,own,no,1
55,47909.31,36,698,16842.54,7708.0,0.3516,12,3,female,bachelor,married,own,yes,1
31,39081.7,23,717,0.0,9045.35,0.0,15,0,female,high_school,married,rent,yes,1
54,80461.54,14,395,0.0,500.0,0.0,11,1,female,bachelor,married,rent,yes,1
49,36559.78,25,372,0.0,7954.34,0.0,7,4,male,high_school,single,mortgage,no,1
39,12490.17,34,467,5606.44,3935.46,0.4489,5,2,male,bachelor,married,own,yes,1
